Team, Conf, WL, Rank, Mean, Trimmed, Median, StDev, ABC, ACU, AND, AP, ARG, ASH, BAS, BBT, BCM, BDF, BIH, BIL, BMC, BOW, BRN, BSS, BWE, CFP, CGV, CMV, COF, COL, CSL, CTW, DCI, DES, DEZ, DII, DOK, DOL, DUN, EZ, FAS, FEI, FMG, FPI, GBE, GLD, GRR, HAT, HEN, HKB, HNL, HOW, HUF, ISR, JNK, JTR, JWN, KAM, KEE, KEL, KEN, KH, KLK, KNT, KPK, KRA, LAB, LAZ, LMC, LOG, LSD, MAR, MAS, MCK, MDS, MGN, MGS, MJS, MOR, MRK, MvG, NGS, NUT, OSC, PAY, PCP, PFZ, PGH, PIG, PIR, PIT, PPP, RBA, REW, RFL, RME, RSL, RT, RTB, RTH, RTP, RUD, RWP, S&P, SAG, SEL, SFX, SGR, SMS, SOR, STH, TFG, TPR, TRP, USA, VRN, WEL, WIL, WLK, WOB, WOL, WWP, YAG, YCM, 

Clemson          ,ACC,  12-1,   1,   2.10,   2.05,   2.0,   1.51,   3,   2,   1,   1,   1,   1,   2,   1,   2,   2,   1,   2,   3,   1,   3,   2,   2,   1,   1,   3,   1,   1,   2,   3,   1,   2,   3,   1,   1,   2,   5,   3,   2,   1,   1,   3,   2,   2,   4,   1,   2,   1,   2,   1,   3,   1,   2,   1,   5,   2,   2,   2,   1,   3,   2,   1,   1,   3,   1,   1,   1,   2,   4,   3,   1,   1,   1,   1,   1,   2,   2,   5,   2,   8,   6,   1,   1,   1,   1,   1,   4,   1,   6,   1,   4,   3,   1,   9,   2,   1,   1,   1,   1,   2,   1,   7,   2,   1,   2,   2,   2,   1,   1,   2,   1,   4,   1,   2,   3,   3,   1,   2,   3,   1,   3,   4, 
Georgia          ,SEC,  12-1,   2,   2.73,   2.68,   2.0,   1.65,   2,   1,   2,   3,   2,   2,   7,   2,   4,   3,   2,   1,   2,   3,   5,   1,   1,   3,   3,   6,   6,   2,   1,   5,   4,   3,   1,   2,   4,   4,   6,   2,   3,   2,   2,   5,   1,   1,   1,   3,   1,   2,   1,   2,   2,   2,   1,   3,   4,   4,   5,   1,   2,   4,   4,   2,   2,   2,   2,   2,   2,   6,   2,   2,   2,   3,   3,   2,   2,   3,   1,   2,   1,   1,   8,   2,   2,   2,   5,   2,   3,   2,   5,   2,   6,   1,   2,   3,   3,   2,   9,   2,   2,   1,   3,   3,   3,   2,   4,   1,   1,   2,   2,   3,   5,   6,   3,   1,   1,   2,   2,   3,   2,   2,   7,   1, 
Ohio St          ,B10,  11-2,   3,   4.96,   4.88,   5.0,   2.26,   5,   7,   6,   5,   5,   3,   3,   9,   3,   4,   6,   5,   1,   4,   1,   8,   4,   5,   6,   2,   2,   6,   6,   4,   3,   5,   4,   6,   5,   5,   1,   7,   5,   6,   5,   2,   6,   8,   2,   8,   3,   5,   5,   5,   4,   6,   4,   5,   7,   3,   3,   5,   5,   2,   3,   6,   6,   6,   6,   4,   3,   3,   7,   4,   4,   4,   8,   7,   4,   7,   4,   6,  11,   5,   3,   3,   3,   5,   4,   4,   5,   5,   2,   8,   3,   5,   6,   7,   4,   3,  18,   6,   5,   5,   5,   1,   4,   3,   3,   9,   4,   4,   7,   6,   7,   2,   5,   8,   6,   4,   6,   6,   5,   8,   2,   8, 
Oklahoma         ,B12,  12-1,   4,   4.97,   4.94,   4.0,   2.63,   6,   5,   5,   2,   7,   8,   5,   8,   7,   1,   4,   3,   5,   2,   2,   3,   8,   2,   4,   1,   7,   7,   4,   2,   2,   1,  10,   4,   3,   1,   3,   4,   7,   3,  10,   7,   7,   4,   8,   4,   4,   3,   9,   6,   6,   9,   9,   7,   3,   6,   1,   8,   3,  12,   9,   3,   4,   4,   3,   5,   4,   5,   3,   1,   3,   2,   2,   3,   3,   6,   3,   7,   4,   4,   2,   4,   5,   3,  10,   6,   2,   3,   8,   4,  12,   4,   4,   6,   1,  10,  11,   4,   3,   4,   6,   8,   5,   7,   4,   5,   5,   5,   9,   9,   2,   5,   2,   7,   7,   4,   3,   4,   4,   3,   6,  10, 
Alabama          ,SEC,  11-1,   5,   5.06,   5.04,   5.0,   2.45,   7,   4,   7,   4,   4,   6,   1,   5,  10,   6,   7,   4,   8,   9,   6,   5,   5,   4,   2,   5,   5,   5,   8,   1,   5,   4,   2,   5,   2,   8,   2,   6,   4,   5,   6,   1,   4,   6,   3,   7,   6,   6,   7,   4,   1,  10,   6,   6,   6,   1,   7,   3,   6,   1,   7,   7,   3,   7,   7,   8,   8,   7,   5,   7,   6,   6,   5,   6,  11,   5,   5,   4,   3,   2,   1,   5,   6,   4,   2,   8,   1,   4,   1,   6,   1,   7,   7,   5,   8,   4,   8,   8,   4,   9,   7,   2,   1,   6,   1,   6,   3,  10,   4,   1,   3,   1,   4,   6,   4,   6,   9,   7,   6,   9,   1,   3, 
Wisconsin        ,B10,  12-1,   6,   5.56,   5.46,   5.0,   2.31,   4,   3,   4,   6,   3,   4,   9,   3,   6,   5,   5,   6,   7,   6,   7,   6,   7,   6,   5,   7,   3,   4,   3,   6,   7,   6,   5,   9,   9,   3,   4,   5,   6,   7,   3,   9,   5,   5,   6,   5,   5,   4,   3,   3,   5,   4,   5,   2,   2,   7,   4,   4,   7,   8,   5,   4,   9,   5,   4,   3,   7,   4,   6,   5,   5,   5,   6,   5,   5,   4,   8,   3,   7,   3,  11,   6,   4,   6,   3,   5,   8,   6,   7,   7,   2,   6,   8,   4,   7,   6,  20,   5,   6,   3,   2,   6,   7,   4,   7,   3,   7,   3,   6,   4,   8,   7,   6,   5,   5,   9,   5,   5,   8,  10,   8,   5, 
Penn St          ,B10,  10-2,   7,   7.69,   7.54,   7.0,   3.58,  10,  10,   9,   9,   6,   7,   4,   6,   1,   8,   9,  11,   4,   7,   4,  13,   3,   9,   8,  16,   4,  11,  10,  13,   8,   9,   7,   7,   7,   7,   7,  13,   8,   9,   4,   4,   9,   9,   5,   9,   7,   7,   4,   7,   8,  11,   7,   4,   8,   5,   6,   6,   9,   5,   1,  12,   8,  13,   8,   7,   6,   1,  13,   6,   7,   9,   9,   9,   7,   9,   6,   8,  12,   9,   5,   7,   7,   9,   6,  11,   6,   8,   3,  10,   5,  10,  12,   8,   6,   5,  30,   9,  10,   6,   4,   5,   6,   5,   6,   8,   6,   7,   3,   5,   6,   3,   9,  11,  10,  11,   4,  12,  10,  13,   4,   2, 
Auburn           ,SEC,  10-3,   8,   8.66,   8.62,   9.0,   2.33,  11,   6,  14,   7,  11,  10,   6,   7,   5,   7,   8,   7,   6,   8,   9,   7,   6,   7,  12,   4,  11,  12,  11,  10,   6,   8,   6,   8,   6,  12,   8,   8,   9,   4,  12,   6,  12,  10,   9,  12,  11,   9,   8,   9,   7,  13,  10,  10,  12,   9,   8,  12,  10,   9,  11,  10,  10,   8,   9,  11,   5,   8,  10,   9,   8,   8,  10,  10,   6,  12,   7,   9,   9,   6,   7,   9,   9,   7,   9,  12,   7,   9,   4,  11,   7,   9,  10,  18,   5,   9,   7,   7,   8,   8,   9,  10,   8,  10,   9,   4,   8,  11,  10,   7,   4,   8,   8,   9,  12,  10,   8,   9,   9,   7,   5,   7, 
UCF              ,AAC,  12-0,   9,   9.10,   8.95,   8.0,   6.63,   1,  13,   3,  10,   8,   5,  21,   4,  13,  27,   3,   8,  13,  18,  21,   9,  10,  12,   7,  19,   8,   3,   5,  12,  16,  10,  20,   3,  15,   6,  13,   1,   1,  10,   7,  21,   3,   3,  10,   2,   8,   8,  11,   8,   9,   3,   3,   9,   1,  23,  13,   7,   4,   6,  16,   5,   5,   1,   5,   6,  13,  12,   1,   8,  10,   7,   4,   4,   8,   1,  20,   1,   5,  34,  19,   8,   8,  10,  14,   3,  15,   7,   9,   3,  27,   2,   3,   1,  14,   7,   4,   3,   7,   7,   8,   9,  16,   8,  24,   7,  12,   6,   8,  21,  15,  14,  10,   3,   2,   1,  10,   1,   1,  11,  18,   6, 
Notre Dame       ,FBSI,   9-3,  10,  11.16,  10.99,  10.0,   4.22,   8,   9,  10,  14,  10,   9,  12,  10,   9,  36,  11,  13,   9,  10,  20,  14,  11,  14,  22,  11,   9,   9,   9,  23,  15,  16,  14,  10,  10,  13,  23,  11,  10,  11,   8,  10,  10,   7,   7,   6,  10,  11,   6,  10,  11,   5,   8,   8,  14,  13,   9,  10,  11,  11,  10,   9,   7,  10,  10,   9,  10,   9,   9,  14,   9,  11,   7,  11,   9,  11,  18,  11,  13,  12,  12,  12,  10,  13,  12,   7,  21,  13,  10,   9,  16,  12,   9,  21,  11,   8,  10,  10,  13,  10,  11,  14,  10,   9,  17,  10,  10,   8,   5,  13,  11,  10,  15,   4,   9,   8,   7,   8,  11,   6,  10,   9, 
Washington       ,P12,  10-2,  11,  11.72,  11.48,  11.0,   4.29,  15,  12,  13,  12,   9,  13,   8,  11,   8,   9,  16,  12,  10,  11,   8,  12,   9,  11,   9,  47,  10,  15,  15,  11,  11,  12,   9,  13,   8,  16,   9,  15,  11,   8,  13,   8,  15,  13,  11,  13,   9,  14,  10,  11,  10,  14,  14,  11,  10,   8,  14,  11,  13,   7,   8,  14,  13,  15,  14,  12,  12,  10,  14,  10,  18,  15,  11,  15,  13,  13,   9,  15,  10,   7,   4,  10,  11,  12,   8,  14,  12,  10,  11,  12,   8,  14,  13,  14,  12,  11,   3,  13,  12,  15,  10,   4,   9,  13,   7,  11,   9,  13,  11,   8,   9,   9,  12,  16,  14,  15,  11,  15,  15,  14,   9,  11, 
USC              ,P12,  11-2,  12,  12.62,  12.54,  12.0,   4.79,   9,   8,   8,   8,  13,  12,  20,  14,  19,  14,  12,   9,  27,   5,  14,   4,  26,   8,  10,  14,  13,   8,   7,   7,  10,   7,  19,  11,  17,   9,  12,  12,  13,  17,  11,  14,   8,  11,  14,  10,  12,  15,  15,  12,  15,   8,  11,  12,   9,  16,  12,  13,   8,  14,  23,   8,  12,  11,  11,  10,  17,  24,   8,  16,  14,  12,  12,  12,  10,   8,  11,  10,   6,  23,  28,  13,  12,   8,  17,   9,   9,  12,  22,   5,  13,  11,  11,  11,  20,  12,  19,  12,   9,  14,  15,  22,  13,  12,  14,  14,  11,  12,  14,  22,  16,  15,   7,  10,   8,   6,  16,  10,   7,   4,  16,  17, 
Miami FL         ,ACC,  10-2,  13,  12.94,  12.89,  12.0,   4.13,  12,  11,  11,  11,  12,  11,  13,  13,  17,  29,  10,  10,  16,  12,  23,  10,  18,  10,  11,  10,  12,  10,  12,  24,  14,  11,  12,  12,  13,  10,  11,   9,  12,  15,   9,  15,  11,  12,  15,  11,  13,  12,  12,  13,  12,   7,  12,  13,  11,  18,  10,   9,  12,  13,  13,  11,  11,  12,  13,  13,  19,  16,  11,  19,  12,  10,  13,   8,  12,  10,  21,  12,   8,  16,  27,  11,  13,  11,  20,  10,  16,  11,  20,  14,  24,   8,   5,  10,  17,  13,   2,  11,  11,  12,  12,  19,  15,  11,  17,  13,  13,   9,  12,  20,  12,  20,  11,  12,  11,  13,  13,  11,  13,   5,  13,  12, 
TCU              ,B12,  10-3,  14,  15.00,  14.98,  15.0,   3.42,  18,  14,  21,  13,  14,  17,  14,  12,  12,  12,  14,  15,  12,  15,  13,  11,  15,  15,  16,   8,  14,  19,  23,  15,  20,  13,  13,  14,  12,  14,  10,  17,  15,  14,  20,  11,  18,  20,  16,  14,  14,  10,  17,  14,  13,  22,  17,  15,  21,  11,  16,  16,  17,  15,  12,  19,  14,  17,  18,  15,   9,  11,  18,  11,  11,  13,  14,  23,  15,  20,  15,  20,  15,  19,  15,  16,  14,  14,   7,  21,  13,  14,  17,  19,   9,  22,  20,  15,   9,  17,  15,  14,  14,  11,  13,  13,  12,  16,  10,  12,  14,  18,  19,  11,  10,  12,  13,  20,  19,  17,  12,  17,  16,  21,  11,  16, 
Stanford         ,P12,   9-4,  15,  17.31,  17.12,  16.0,   4.75,  16,  16,  15,  15,  16,  16,  15,  18,  14,  17,  17,  18,  18,  13,  12,  18,  21,  13,  25,  44,  16,  16,  18,  14,  12,  15,  18,  18,  19,  19,  15,  16,  16,  12,  17,  13,  17,  17,  20,  17,  15,  23,  21,  15,  17,  16,  16,  18,  28,  17,  21,  19,  20,  17,  26,  13,  19,  16,  12,  14,  14,  20,  15,  22,  27,  14,  19,  13,  14,  19,  10,  18,  14,  13,  25,  19,  16,  15,  29,  15,  11,  17,  18,  15,  15,  18,  15,  13,  16,  14,  21,  17,  16,  20,  21,  30,  11,  18,  10,  22,  15,  17,  31,  15,  13,  13,  16,  15,  16,  16,  18,  16,  17,  12,  15,  27, 
Oklahoma St      ,B12,   9-3,  16,  19.39,  19.36,  18.5,   6.05,  27,  17,  27,  17,  22,  23,  10,  16,  11,  16,  21,  19,  11,  19,  11,  16,  17,  19,  18,   9,  18,  29,  26,  18,  17,  14,  28,  19,  11,  17,  17,  29,  21,  13,  30,  12,  30,  28,  12,  18,  17,  13,  20,  21,  14,  29,  30,  21,  23,  10,  15,  24,  24,  25,  14,  28,  18,  27,  24,  20,  11,  13,  24,  12,  13,  19,  20,  29,  24,  29,  13,  26,  20,  18,  13,  18,  18,  18,  13,  28,  17,  16,  12,  27,  14,  31,  24,  16,  10,  24,  16,  21,  19,  16,  20,  11,  14,  24,  10,  20,  16,  24,  21,  19,  14,  11,  17,  32,  31,  24,  14,  30,  25,  24,  12,  23, 
Virginia Tech    ,ACC,   9-3,  17,  19.41,  19.25,  19.0,   5.54,  17,  19,  22,  22,  15,  15,  11,  19,  16,  30,  19,  25,  14,  21,  24,  20,  14,  22,  19,  18,  20,  18,  27,  19,  29,  18,  17,  16,  14,  18,  22,  18,  20,  27,  15,  16,  25,  25,  22,  20,  16,  16,  13,  16,  20,  17,  24,  20,  22,  12,  18,  14,  26,  10,   6,  25,  15,  21,  22,  17,  15,  18,  25,  18,  15,  22,  22,  27,  20,  24,  16,  28,  19,  49,  33,  14,  19,  22,  11,  18,  31,  15,  14,  24,  11,  21,  18,  19,  19,  19,  26,  18,  22,  19,  14,  24,  17,  15,  14,  27,  17,  15,  13,  10,  18,  16,  22,  25,  25,  20,  15,  21,  21,  20,  14,  18, 
Michigan St      ,B10,   9-3,  18,  20.78,  20.55,  18.0,   8.25,  13,  15,  12,  18,  18,  14,  37,  28,  26,  34,  13,  14,  30,  14,  34,  15,  29,  16,  29,  14,  17,  13,  17,  26,  21,  17,  15,  17,  33,  11,  19,  14,  17,  41,  14,  37,  13,  18,  13,  15,  19,  18,  18,  17,  32,  12,  13,  14,  24,  35,  11,  15,  19,  21,  19,  16,  17,  14,  16,  16,  32,  26,  16,  25,  16,  17,  31,  21,  17,  15,  22,  16,  18,  54,  43,  21,  15,  17,  19,  13,  33,  18,  35,  13,  32,  13,  14,  23,  30,  18,  28,  15,  18,  13,  19,  27,  25,  14,  35,  21,  20,  14,  15,  28,  35,  33,  19,  14,  15,  14,  22,  14,  14,  17,  34,  25, 
Northwestern     ,B10,   9-3,  19,  20.83,  20.68,  20.0,   5.99,  19,  22,  16,  20,  17,  19,  26,  24,  22,  15,  18,  24,  19,  17,  10,  24,  13,  21,  23,  11,  15,  17,  22,   9,  13,  19,  24,  20,  32,  15,  14,  20,  18,  43,  16,  26,  24,  27,  26,  21,  18,  17,  22,  18,  25,  19,  18,  17,  26,  24,  17,  18,  27,  27,  18,  23,  21,  18,  23,  18,  22,  17,  21,  15,  17,  16,  28,  22,  16,  22,  14,  24,  24,  47,  42,  15,  17,  20,  22,  17,  14,  21,  26,  20,  22,  16,  22,  22,  22,  20,  29,  16,  21,  18,  16,  43,  19,  17,  21,  23,  24,  16,  18,  17,  28,  24,  20,  18,  23,  18,  23,  19,  19,  23,  24,  19, 
LSU              ,SEC,   9-3,  20,  21.18,  21.07,  21.0,   5.41,  23,  18,  20,  16,  21,  26,  18,  23,  35,  10,  22,  16,  26,  20,  16,  19,  22,  17,  20,  44,  27,  20,  24,   8,   9,  22,  16,  24,  22,  25,  16,  21,  22,  29,  25,  17,  22,  22,  25,  23,  22,  26,  28,  22,  16,  23,  19,  23,  25,  15,  25,  17,  25,  16,  35,  22,  22,  19,  21,  25,  30,  29,  19,  21,  22,  25,  24,  26,  21,  21,  12,  21,  16,  15,  10,  20,  22,  16,  18,  22,  10,  23,  27,  18,  17,  20,  19,  26,  29,  23,  25,  25,  15,  24,  26,  20,  18,  26,  10,  19,  21,  28,  23,  14,  19,  22,  14,  19,  17,  22,  30,  20,  20,  16,  21,  21, 
Memphis          ,AAC,  10-2,  21,  21.31,  21.30,  20.0,   7.58,  14,  26,  17,  19,  30,  18,  24,  22,  38,  20,  15,  20,  25,  31,  22,  21,  19,  20,  13,  32,  19,  14,  13,  20,  26,  21,  26,  15,  29,  22,  18,  10,  14,  28,  21,  29,  14,  16,  19,  16,  21,  20,  30,  20,  27,  15,  15,  22,  15,  37,  27,  23,  18,  19,  37,  18,  20,   9,  15,  19,  27,  31,  12,  13,  34,  18,  21,  16,  26,  14,  40,  13,  21,  41,  24,  17,  27,  21,  32,  16,  25,  22,  13,  17,  38,  19,  17,   2,  37,  16,   5,  20,  17,  22,  18,  18,  31,  23,  21,  18,  30,  20,  33,  27,  37,  29,  18,  13,  13,  11,  27,  13,  12,  19,  28,  15, 
Michigan         ,B10,   8-4,  22,  23.20,  22.91,  22.0,   5.30,  22,  21,  18,    ,  20,  20,  16,  15,  20,  25,  24,  21,  24,  26,  17,  28,  25,    ,  32,  17,  21,  25,  28,  21,  22,  32,  23,  22,  20,  20,  21,  28,  27,  31,  19,  23,  27,  29,  17,  22,  25,  19,  14,  24,  31,  21,  21,  16,  29,  14,  20,  21,  32,  20,  17,  33,  24,  22,  29,  22,  24,  15,  29,  24,  19,  20,  29,  35,  27,  27,  19,  27,  29,  21,  30,  24,  21,  34,  24,  23,  18,  19,  23,  26,  10,  30,  32,  17,  26,  22,  32,  19,  32,  17,  17,  21,  21,  19,  14,  16,  22,  21,  20,  16,  24,  19,    ,  29,  28,  22,  19,  24,  23,  35,  17,  14, 
Washington St    ,P12,   9-3,  23,  24.70,  24.64,  23.0,   6.71,  21,  20,  19,  21,  27,  22,  27,  33,  30,  47,  20,  17,  33,  16,  31,  17,  36,  18,  24,  11,  23,  21,  21,  22,  25,  20,  21,  25,  28,  21,  27,  19,  28,  33,  22,  31,  20,  23,  18,  29,  20,  30,  27,  25,  26,  20,  20,  28,  27,  28,  22,  20,  22,  26,  27,  21,  31,  20,  27,  21,  39,  36,  17,  31,  33,  21,  30,  18,  31,  23,  39,  32,  17,  46,  22,  25,  25,  19,  16,  20,  37,  20,  28,  16,  19,  15,  16,  20,  38,  25,   6,  26,  20,  27,  28,  31,  27,  21,  30,  30,  23,  22,  28,  31,  30,  30,  21,  22,  21,  18,  29,  18,  18,  15,  29,  32, 
NC State         ,ACC,   8-4,  24,  25.34,  25.05,  24.0,   5.13,  20,  23,  24,    ,  23,  21,  28,  26,  25,  18,  23,  33,  22,  22,  26,  22,  23,  24,  31,  23,  24,  23,  31,  29,  19,  31,  27,  21,  21,  24,  20,  22,  30,  21,  18,  22,  29,  32,  23,  19,  26,  22,  19,  26,  29,  18,  25,  24,  33,  26,  19,  27,  29,  24,  24,  29,  16,  24,  30,  23,  23,  25,  33,  27,  20,  23,  33,  32,  29,  30,  31,  33,  27,  40,  17,  23,  23,  27,  27,  19,  23,  24,  33,  23,  36,  23,  21,  37,  24,  27,  33,  23,  30,  23,  23,  45,  24,  20,  24,  25,  18,  19,  16,  30,  22,  28,    ,  28,  26,  21,  20,  22,  22,  18,  27,  31, 
Iowa             ,B10,   7-5,  25,  25.89,  25.45,  24.0,   7.87,  26,  27,  23,    ,  19,  24,  22,  20,  15,  21,  25,  56,  17,  23,  15,  38,  12,    ,  40,  28,  22,  30,  29,  36,  36,  35,  22,  26,  27,  23,  38,  31,  24,  18,  23,  24,  34,  24,  24,  28,  23,  21,  16,  23,  21,  27,  22,  19,  38,  20,  23,  32,  34,  23,  15,  27,  28,  26,  25,  26,  16,  14,  35,  35,  23,  28,  32,  25,  23,  33,  26,  30,  28,  24,  52,  27,  20,  24,  30,  27,  32,  25,  15,  25,  26,  28,  27,  24,  15,  15,  50,  22,  33,  21,  22,  47,  22,  22,  21,  15,  19,  23,  17,  12,  17,  17,    ,  23,  33,  29,  17,  32,  30,  27,  22,  22, 
Mississippi St   ,SEC,   8-4,  26,  26.12,  26.12,  27.0,   5.11,  30,  24,  28,  24,  24,  28,  23,  17,  29,  42,  26,  28,  28,  28,  30,  23,  24,  23,  33,  26,  32,  32,  33,  33,  30,  28,   8,  28,  18,  34,  33,  25,  23,  19,  27,  19,  28,  26,  30,  31,  24,  29,  23,  29,  18,  33,  26,  25,  30,  21,  29,  22,  28,  18,  28,  30,  25,  25,  31,  28,  26,  28,  28,  40,  28,  24,  18,  28,  30,  31,  24,  31,  26,  31,  18,  30,  26,  23,  15,  29,  29,  27,  16,  28,  21,  27,  29,  28,  34,  21,  24,  24,  23,  26,  25,  26,  20,  28,  27,  17,  25,  25,  24,  18,  31,  21,  23,  27,  27,  25,  28,  28,  27,  32,  23,  13, 
Louisville       ,ACC,   8-4,  27,  27.51,  27.26,  27.0,   6.23,  28,  28,  30,    ,  28,  27,  17,  31,  21,  11,  30,  35,  21,  25,  18,  32,  16,    ,  30,  25,  29,  34,  37,  25,  18,  30,  31,  23,  16,  26,  24,  33,  32,  22,  29,  18,  36,  36,  27,  26,  27,  24,  29,  30,  30,  31,  33,  27,  34,  19,  24,  30,  37,  22,  21,  37,  26,  33,  35,  30,  21,  19,  36,  20,  21,  27,  34,  36,  25,  34,  17,  38,  33,  17,  14,  22,  24,  35,  23,  26,  20,  26,  30,  34,  30,  32,  28,  25,  25,  31,  41,  27,  37,  28,  24,  17,  23,  27,  17,  35,  27,  27,  26,  24,  25,  18,    ,  38,  35,  28,  25,  31,  31,  31,  19,  30, 
Boise St         ,MWC,  10-3,  28,  29.91,  29.91,  29.5,   8.93,  34,  25,  29,  25,  25,  37,  36,  25,  44,  44,  31,  27,  42,  34,  45,  25,  44,  25,  26,  41,  28,  24,  14,  31,  44,  24,  11,  40,  40,  33,  25,  32,  25,  23,  33,  45,  16,  14,  34,  24,  32,  39,  34,  19,  22,  32,  23,  26,  18,  31,  33,  25,  14,  28,  33,  15,  44,  28,  17,  27,  34,  34,  20,  32,  41,  44,  15,  14,  22,  17,  37,  22,  22,  22,  38,  31,  30,  25,  31,  35,  47,  31,  25,  21,  25,  24,  33,  32,  47,  26,  14,  46,  25,  39,  33,  28,  36,  36,  40,  24,  36,  40,  38,  25,  48,  38,  25,  17,  18,  38,  38,  27,  26,  26,  43,  24, 
Boston College   ,ACC,   7-5,  29,  30.96,  30.52,  29.0,   7.59,  24,  31,  26,    ,  29,  25,  39,  37,  28,  13,  28,  58,  23,  24,  27,  35,  20,    ,  43,  24,  30,  31,  36,  34,  23,  38,  29,  27,  35,  28,  31,  30,  31,  20,  24,  34,  35,  34,  21,  25,  35,  27,  26,  32,  37,  24,  29,  29,  43,  30,  26,  33,  36,  29,  25,  34,  23,  31,  32,  31,  28,  27,  38,  29,  25,  29,  37,  34,  19,  35,  27,  35,  32,  64,  26,  26,  28,  28,  36,  24,  19,  28,  29,  29,  44,  37,  26,  33,  32,  28,  40,  28,  34,  29,  29,  67,  32,  25,  35,  32,  29,  26,  22,  29,  41,  32,    ,  30,  32,  27,  26,  29,  32,  28,  31,  29, 
Toledo           ,MAC,  11-2,  30,  32.47,  32.14,  31.0,  10.24,  29,  34,  32,    ,  32,  31,  47,  27,  47,  39,  27,  23,  38,  33,  54,  26,  42,    ,  14,  58,  25,  22,  16,  17,  32,  25,  42,  33,  39,  29,  35,  24,  19,  30,  31,  48,  21,  19,  41,  27,  29,  36,  35,  27,  24,  25,  28,  32,  13,  50,  31,  26,  16,  31,  38,  20,  30,  29,  20,  24,  37,  33,  23,  17,  39,  48,  17,  24,  28,  16,  41,  14,  31,  51,  45,  28,  29,  41,  37,  30,  54,  32,  31,  30,  53,  25,  34,  38,  55,  32,  36,  47,  26,  31,  34,  16,  49,  38,  42,  28,  39,  33,  37,  35,  53,  45,    ,  24,  20,  38,  36,  25,  24,  25,  46,  26, 
Wake Forest      ,ACC,   7-5,  31,  32.82,  32.49,  32.0,   6.40,  32,  29,  36,    ,  31,  29,  30,  34,  23,  23,  32,  53,  20,  30,  33,  34,  28,    ,  42,  22,  31,  36,  40,  45,  24,  49,  35,  31,  26,  31,  29,  35,  34,  25,  32,  30,  40,  37,  43,  34,  36,  28,  25,  33,  23,  30,  34,  31,  52,  34,  30,  36,  40,  32,  22,  36,  27,  36,  40,  33,  20,  23,  47,  33,  26,  26,  38,  38,  32,  39,  25,  50,  35,  26,  36,  32,  32,  29,  35,  32,  34,  33,  36,  36,  35,  38,  30,  44,  23,  30,  31,  29,  35,  30,  30,  36,  29,  29,  30,  31,  28,  30,  27,  37,  29,  26,    ,  35,  37,  31,  24,  35,  36,  33,  25,  37, 
Iowa St          ,B12,   7-5,  32,  33.95,  33.59,  34.0,   9.37,  39,  30,  46,    ,  34,  33,  25,  30,  18,  19,  36,  38,  15,  29,  25,  30,  27,    ,  51,  31,  35,  46,  44,  37,  33,  40,  50,  29,  31,  27,  26,  39,  38,  16,  36,  28,  48,  40,  28,  36,  34,  25,  24,  35,  35,  40,  42,  36,  46,  33,  28,  41,  42,  37,  20,  40,  29,  45,  37,  37,  18,  21,  45,  23,  24,  35,  36,  30,  35,  50,  29,  49,  39,  35,  21,  36,  34,  30,  38,  43,  27,  30,  21,  45,  18,  40,  35,  41,  13,  38,  66,  30,  45,  25,  27,  44,  26,  32,  27,  29,  26,  36,  30,  23,  23,  27,    ,  48,  50,  40,  21,  49,  44,  34,  20,  38, 
San Diego St     ,MWC,  10-2,  33,  34.67,  34.41,  33.0,  11.39,  33,  33,  31,    ,  26,  35,  50,  32,  52,  57,  29,  29,  45,  32,  56,  27,  50,    ,  17,  42,  26,  26,  19,  16,  54,  26,  25,  44,  52,  30,  39,  27,  29,  45,  35,  52,  23,  21,  29,  30,  33,  38,  40,  28,  28,  34,  27,  35,  16,  42,  42,  31,  21,  34,  51,  24,  38,  23,  26,  32,  51,  46,  22,  34,  44,  53,  23,  20,  37,  18,  56,  17,  23,  53,  58,  33,  31,  31,  21,  33,  55,  35,  32,  22,  41,  17,  25,  12,  51,  33,  17,  40,  28,  40,  39,  38,  53,  35,  42,  34,  45,  46,  40,  26,  52,  48,    ,  21,  22,  30,  44,  23,  28,  22,  48,  34, 
South Florida    ,AAC,   9-2,  34,  35.43,  35.21,  34.0,   9.14,  31,  36,  35,  23,  39,  32,  42,  29,  41,  53,  34,  22,  44,  56,  51,  33,  37,    ,  15,  36,  34,  33,  30,  30,  49,  23,  65,  32,  25,  38,  40,  23,  33,  40,  26,  47,  37,  31,  37,  32,  31,  37,  32,  40,  40,  28,  38,  34,  17,  44,  37,  28,  30,  33,  32,  38,  32,  32,  33,  36,  61,  42,  31,  26,  38,  41,  26,  33,  46,  28,  54,  23,  38,  69,  49,  29,  37,  43,  28,  31,  51,  29,  24,  37,  34,  33,  31,  35,  46,  35,  44,  33,  24,  34,  31,  15,  43,  31,  42,  33,  48,  31,  25,  32,  32,  41,  24,  37,  34,  33,  33,  34,  33,  37,  37,  28, 
FL Atlantic      ,CUSA,  10-3,  35,  37.09,  36.72,  34.0,  13.17,  41,  47,  34,    ,  33,  40,  65,  21,  46,  37,  44,  32,  46,  38,  50,  41,  34,    ,  27,  60,  33,  27,  20,  52,  46,  46,  32,  46,  54,  46,  32,  34,  26,  24,  34,  61,  19,  15,  47,  33,  28,  48,  37,  31,  19,  35,  31,  30,  19,  76,  45,  35,  15,  30,  47,  17,  34,  34,  19,  29,  33,  35,  27,  28,  48,  50,  16,  17,  18,  25,  42,  19,  34,  20,  37,  34,  33,  32,  34,  36,  61,  37,  19,  31,  66,  34,  39,  57,  45,  29,  49,  56,  27,  45,  35,  12,  55,  45,  53,  26,  46,  41,  32,  41,  66,  52,    ,  26,  24,  47,  41,  33,  34,  29,  71,  20, 
South Carolina   ,SEC,   8-4,  36,  38.11,  37.84,  36.0,   9.76,  25,  32,  25,    ,  38,  30,  57,  45,  53,  50,  33,  30,  47,  37,  55,  29,  40,    ,  34,  57,  41,  28,  34,  43,  53,  34,  34,  34,  47,  36,  45,  26,  36,  66,  28,  36,  31,  35,  50,  35,  30,  34,  39,  36,  38,  26,  32,  37,  39,  38,  34,  29,  35,  35,  49,  32,  33,  30,  36,  34,  45,  54,  30,  56,  36,  31,  35,  41,  36,  32,  49,  34,  25,  14,  53,  35,  36,  33,  51,  25,  46,  34,  61,  32,  40,  29,  23,  30,  41,  34,  52,  32,  29,  36,  36,  66,  41,  30,  53,  38,  32,  29,  36,  56,  43,  51,    ,  40,  29,  25,  43,  26,  29,  30,  49,  43, 
Oregon           ,P12,   7-5,  37,  39.78,  39.66,  39.0,   7.21,  37,  39,  38,    ,  40,  34,  34,  41,  31,  32,  42,  31,  39,  36,  19,  39,  38,    ,  46,  48,  38,  45,  53,  46,  40,  36,  55,  39,  37,  40,  37,  38,  43,  51,  40,  25,  49,  46,  32,  49,  37,  45,  38,  44,  39,  38,  44,  39,  53,  40,  36,  42,  48,  39,  43,  46,  37,  44,  43,  35,  42,  37,  48,  45,  49,  39,  44,  57,  40,  47,  28,  48,  43,  11,  23,  43,  39,  37,  25,  38,  22,  36,  42,  38,  28,  46,  41,  31,  44,  36,  38,  38,  42,  42,  40,  40,  33,  39,  30,  42,  31,  38,  34,  47,  44,  31,    ,  49,  48,  37,  37,  43,  45,  43,  38,  41, 
Florida St       ,ACC,   6-6,  38,  40.13,  39.82,  39.0,   9.76,  36,  41,  41,    ,  35,  36,  19,  42,  34,  28,  37,  52,  31,  40,  35,  49,  32,    ,  53,  33,  42,  48,  58,  27,  27,  42,  45,  30,  24,  39,  47,  44,  39,  36,  42,  20,  55,  53,  33,  41,  49,  35,  42,  39,  33,  42,  41,  38,  73,  29,  44,  46,  59,  36,  36,  54,  35,  42,  60,  41,  31,  32,  52,  43,  29,  30,  55,  61,  38,  54,  30,  46,  60,  27,  29,  37,  35,  51,  50,  37,  28,  38,  54,  48,  47,  47,  40,  39,  33,  37,  45,  31,  50,  38,  41,  51,  30,  33,  20,  43,  34,  35,  41,  39,  21,  23,    ,  45,  46,  35,  35,  42,  40,  42,  30,  44, 
Arizona St       ,P12,   7-5,  39,  41.44,  41.02,  40.0,   7.71,  35,  35,  33,    ,  43,  38,  55,  47,  45,  41,  35,  39,  51,  27,  40,  36,  48,    ,  56,  46,  40,  37,  39,  35,  28,  39,  40,  41,  55,  35,  36,  36,  41,  32,  37,  46,  39,  39,  38,  38,  38,  43,  41,  38,  48,  36,  36,  40,  48,  54,  40,  38,  39,  44,  46,  35,  40,  35,  38,  39,  49,  51,  37,  44,  47,  38,  43,  37,  33,  40,  43,  42,  30,  55,  50,  42,  40,  26,  53,  34,  38,  39,  46,  33,  64,  39,  37,  55,  40,  39,  27,  36,  41,  43,  42,  79,  40,  34,  42,  41,  35,  39,  46,  55,  46,  46,    ,  36,  39,  31,  48,  36,  37,  36,  50,  52, 
Texas            ,B12,   6-6,  40,  44.10,  43.94,  43.0,  13.28,  58,  43,  56,    ,  42,  47,  32,  38,  24,  31,  49,  48,  29,  45,  28,  52,  33,    ,  64,  21,  45,  64,  62,  51,  39,  43,  39,  37,  23,  43,  30,  60,  55,  35,  48,  27,  65,  60,  31,  52,  44,  32,  36,  42,  50,  61,  54,  42,  63,  22,  41,  53,  65,  42,  31,  66,  39,  56,  49,  44,  25,  30,  57,  37,  30,  32,  56,  63,  44,  66,  36,  60,  49,  52,  16,  44,  44,  49,  26,  58,  30,  41,  38,  56,  23,  65,  56,  63,  18,  52,  35,  35,  68,  32,  38,  54,  28,  43,  27,  45,  33,  43,  39,  43,  20,  25,    ,  47,  65,  47,  32,  62,  58,  58,  26,  61, 
Purdue           ,B10,   6-6,  41,  44.51,  44.28,  43.0,  10.04,  48,  42,  42,    ,  37,  41,  51,  36,  27,  38,  47,  59,  36,  43,  36,  56,  31,    ,  70,  26,  37,  53,  61,  57,  48,  62,  48,  42,  42,  41,  46,  61,  45,  26,  39,  50,  62,  51,  53,  47,  46,  33,  31,  41,  46,  48,  50,  33,  58,  41,  32,  43,  63,  41,  30,  50,  42,  50,  42,  38,  29,  22,  63,  46,  37,  43,  41,  42,  39,  58,  34,  66,  52,  32,  55,  45,  38,  38,  44,  44,  44,  43,  34,  53,  48,  55,  57,  40,  28,  40,  46,  37,  65,  35,  32,  41,  35,  40,  58,  36,  40,  34,  35,  45,  49,  39,    ,  56,  59,  50,  31,  53,  55,  56,  42,  33, 
West Virginia    ,B12,   7-5,  42,  44.80,  44.59,  44.0,   8.03,  47,  40,  51,    ,  45,  45,  31,  54,  36,  43,  38,  42,  35,  41,  41,  40,  46,    ,  55,  29,  44,  52,  52,  38,  43,  33,  64,  38,  36,  32,  41,  46,  51,  56,  55,  42,  51,  54,  39,  44,  39,  31,  48,  43,  44,  51,  52,  48,  61,  32,  35,  52,  54,  57,  45,  51,  43,  47,  55,  45,  36,  39,  40,  39,  31,  33,  60,  53,  43,  52,  46,  43,  41,  50,  35,  40,  43,  52,  57,  47,  42,  42,  48,  51,  31,  49,  49,  47,  27,  56,  37,  39,  57,  33,  45,  62,  42,  42,  35,  47,  43,  42,  47,  51,  33,  37,    ,  50,  53,  41,  39,  51,  50,  50,  32,  57, 
Texas A&M        ,SEC,   7-5,  43,  45.46,  45.32,  45.0,   7.74,  42,  38,  39,    ,  50,  44,  35,  55,  58,  52,  41,  36,  50,  46,  44,  42,  45,    ,  48,  52,  55,  38,  47,  39,  37,  41,  30,  43,  49,  51,  42,  37,  49,  63,  46,  44,  45,  45,  61,  46,  42,  46,  59,  45,  47,  44,  40,  50,  62,  25,  52,  40,  51,  43,  57,  45,  51,  39,  45,  49,  52,  62,  43,  57,  45,  42,  54,  49,  47,  42,  52,  45,  37,  30,  32,  46,  46,  45,  60,  40,  40,  40,  58,  39,  20,  41,  42,  46,  49,  50,  51,  42,  38,  46,  51,  64,  44,  44,  35,  50,  51,  47,  43,  36,  45,  47,    ,  41,  42,  36,  57,  39,  39,  39,  40,  40, 
Kansas St        ,B12,   7-5,  44,  45.64,  45.47,  46.0,  10.75,  52,  50,  58,    ,  52,  49,  33,  53,  39,  26,  48,  37,  37,  39,  32,  43,  43,    ,  44,  30,  46,  58,  57,  28,  31,  37,  43,  35,  34,  37,  28,  49,  57,  38,  59,  32,  59,  61,  35,  50,  41,  40,  46,  52,  41,  56,  57,  55,  56,  36,  39,  60,  60,  53,  41,  56,  41,  55,  46,  42,  35,  41,  49,  38,  32,  34,  61,  65,  42,  59,  35,  51,  46,  33,  34,  39,  48,  48,  55,  51,  24,  45,  62,  58,  33,  50,  45,  49,  21,  57,  65,  43,  53,  37,  44,  65,  34,  50,  24,  52,  37,  51,  58,  38,  27,  34,    ,  59,  58,  52,  40,  59,  54,  47,  35,  68, 
Fresno St        ,MWC,   9-4,  45,  46.19,  46.03,  43.0,  12.18,  59,  37,  49,    ,  36,  56,  78,  35,  57,  46,  39,  34,  56,  54,  57,  37,  57,    ,  35,  74,  39,  41,  32,  68,  50,  29,  33,  60,  56,  45,  43,  45,  37,  65,  45,  60,  32,  33,  58,  42,  48,  53,  55,  34,  34,  54,  39,  41,  32,  77,  61,  34,  33,  48,  42,  39,  58,  38,  34,  40,  43,  43,  34,  41,  59,  52,  25,  31,  34,  36,  47,  29,  42,  38,  47,  51,  41,  39,  40,  53,  52,  48,  43,  41,  65,  36,  44,  53,  62,  41,  12,  60,  36,  53,  46,  25,  54,  53,  64,  37,  53,  59,  48,  42,  73,  55,    ,  33,  36,  65,  56,  38,  43,  38,  72,  35, 
Houston          ,AAC,   7-4,  46,  48.13,  47.77,  47.0,   7.70,  43,  53,  45,    ,  56,  48,  56,  43,  56,  59,  45,  50,  49,  62,  58,  51,  52,    ,  37,  35,  47,  43,  43,  40,  56,  45,  57,  47,  43,  54,  53,  41,  46,  34,  41,  54,  41,  44,  44,  43,  50,  50,  51,  57,  54,  39,  45,  44,  42,  49,  53,  45,  45,  51,  50,  42,  49,  43,  39,  48,  85,  57,  32,  50,  51,  46,  42,  39,  59,  41,  58,  68,  47,  57,  40,  47,  57,  46,  43,  42,  60,  52,  50,  44,  55,  43,  38,  56,  57,  49,  39,  50,  48,  49,  47,  29,  56,  46,  53,  44,  54,  37,  42,  44,  39,  53,    ,  43,  44,  42,  50,  44,  41,  48,  51,  53, 
Troy             ,SBC,  10-2,  47,  48.22,  48.03,  46.0,  15.93,  65,  52,  48,    ,  41,  66,  64,  40,  70,  55,  40,  26,  55,  42,  64,  31,  58,    ,  21,  42,  36,  35,  25,  41,  60,  27,  53,  66,  67,  52,  51,  40,  35,  37,  67,  71,  26,  30,  60,  39,  43,  57,  70,  37,  36,  49,  37,  53,  20,  66,  64,  37,  23,  54,  72,  31,  64,  37,  28,  57,  79,  59,  26,  30,  64,  63,  27,  19,  45,  26,  59,  25,  36,  77,  46,  41,  42,  36,  42,  63,  69,  51,  37,  35,  62,  26,  47,  52,  70,  46,  23,  70,  31,  66,  66,  37,  69,  69,  58,  39,  62,  69,  71,  33,  56,  63,    ,  31,  30,  68,  71,  37,  35,  40,  66,  36, 
Missouri         ,SEC,   7-5,  48,  48.54,  48.45,  51.0,  10.00,  51,  51,  43,    ,  51,  52,  41,  52,  49,  24,  56,  41,  34,  49,  37,  59,  30,    ,  45,  58,  54,  51,  59,  44,  35,  58,  51,  48,  44,  61,  34,  55,  52,  78,  52,  35,  52,  55,  51,  61,  45,  47,  49,  50,  42,  53,  51,  46,  57,  47,  46,  44,  61,  40,  60,  58,  45,  51,  50,  46,  48,  48,  54,  36,  46,  55,  57,  69,  41,  51,  33,  55,  55,  10,   9,  38,  45,  55,  48,  46,  26,  46,  51,  54,  42,  54,  59,  51,  59,  47,  53,  51,  54,  57,  50,  32,  45,  54,  30,  51,  47,  53,  52,  46,  64,  42,    ,  54,  51,  51,  51,  50,  53,  61,  45,  39, 
Georgia Tech     ,ACC,   5-6,  49,  48.67,  48.54,  48.0,  12.51,  44,  45,  54,    ,  47,  39,  29,  44,  33,  64,  54,  45,  32,  55,  47,  50,  35,    ,  66,  70,  57,  57,  73,  42,  47,  56,  41,  36,  30,  48,  49,  47,  61,  58,  38,  33,  74,  63,  56,  59,  55,  42,  33,  60,  53,  43,  55,  43,  79,  39,  43,  50,  76,  55,  29,  65,  36,  57,  57,  47,  44,  49,  67,  60,  35,  45,  62,  56,  53,  68,  45,  75,  58,  59,  20,  48,  50,  44,  45,  41,  53,  44,  52,  61,  58,  53,  36,  65,  35,  43,  13,  34,  52,  41,  37,  72,  39,  37,  48,  46,  38,  32,  29,  49,  26,  35,    ,  55,  61,  45,  34,  52,  56,  52,  33,  45, 
Utah             ,P12,   6-6,  50,  49.68,  49.50,  52.0,   9.93,  57,  48,  53,    ,  49,  53,  38,  46,  37,  35,  60,  55,  40,  47,  29,  57,  39,    ,  63,  49,  56,  60,  68,  32,  34,  47,  52,  49,  38,  59,  44,  57,  58,  42,  54,  39,  63,  57,  45,  58,  47,  54,  45,  48,  55,  62,  58,  47,  72,  27,  57,  54,  66,  38,  44,  62,  53,  54,  52,  53,  41,  47,  65,  52,  57,  40,  66,  59,  54,  61,  32,  61,  48,  28,  31,  52,  53,  47,  49,  55,  36,  54,  41,  52,  39,  59,  63,  58,  39,  45,  42,  45,  62,  52,  49,  39,  37,  51,  30,  53,  44,  49,  59,  34,  36,  36,    ,  57,  60,  47,  46,  56,  57,  62,  36,  56, 
UCLA             ,P12,   6-6,  51,  50.20,  50.05,  50.0,   8.98,  38,  44,  37,    ,  53,  42,  45,  63,  51,  51,  43,  47,  54,  35,  49,  45,  54,    ,  68,  51,  51,  49,  51,  53,  45,  48,  69,  45,  51,  44,  52,  43,  54,  61,  44,  38,  54,  49,  40,  53,  53,  49,  53,  47,  57,  41,  43,  54,  68,  46,  48,  49,  58,  69,  55,  43,  52,  41,  54,  50,  54,  58,  53,  61,  55,  37,  63,  60,  49,  53,  53,  52,  40,  42,  39,  54,  51,  40,  77,  39,  45,  49,  63,  40,  54,  51,  46,  36,  54,  44,  22,  41,  51,  48,  56,  75,  50,  41,  53,  58,  49,  45,  55,  62,  50,  50,    ,  44,  49,  34,  55,  46,  42,  41,  54,  77, 
Arizona          ,P12,   7-5,  52,  50.70,  50.50,  50.0,   6.38,  46,  49,  47,    ,  54,  46,  44,  56,  43,  56,  52,  40,  53,  44,  48,  46,  53,    ,  58,  50,  48,  56,  60,  47,  55,  44,  75,  53,  48,  50,  48,  52,  56,  47,  47,  41,  56,  58,  42,  54,  40,  51,  44,  54,  56,  47,  56,  52,  55,  58,  50,  48,  57,  47,  53,  53,  50,  52,  59,  43,  50,  50,  50,  55,  58,  47,  59,  62,  52,  56,  55,  62,  44,  29,  41,  53,  52,  42,  47,  49,  49,  47,  44,  50,  37,  42,  50,  59,  43,  54,  58,  48,  55,  50,  48,  49,  48,  47,  48,  57,  42,  48,  51,  60,  51,  44,    ,  61,  55,  42,  47,  54,  51,  44,  53,  63, 
Navy             ,AAC,   6-5,  53,  51.61,  51.33,  52.0,  10.59,  40,  56,  44,    ,  55,  43,  49,  49,  55,  69,  46,  63,  58,  65,  63,  63,  56,    ,  52,  38,  52,  39,  41,  70,  75,  69,  36,  52,  50,  55,  63,  42,  44,  39,  43,  63,  42,  38,  48,  37,  57,  55,  47,  51,  59,  37,  35,  45,  54,  56,  58,  57,  52,  50,  58,  69,  47,  40,  41,  54,  62,  52,  41,  59,  60,  59,  39,  40,  62,  43,  72,  40,  51,  87,  62,  55,  54,  56,  70,  45,  67,  50,  39,  42,  61,  61,  43,  27,  52,  42,  43,  57,  43,  54,  60,  78,  59,  48,  53,  40,  56,  44,  50,  57,  47,  54,    ,  34,  41,  42,  49,  40,  38,  46,  56,  46, 
Duke             ,ACC,   6-6,  54,  53.03,  52.77,  51.0,  11.74,  53,  55,  60,    ,  44,  50,  43,  51,  40,  22,  57,  49,  41,  48,  38,  53,  41,    ,  65,  68,  50,  65,  70,  48,  38,  60,  47,  50,  45,  47,  50,  56,  60,  48,  50,  40,  71,  65,  49,  57,  56,  44,  43,  59,  60,  55,  63,  49,  65,  48,  47,  55,  72,  49,  48,  61,  48,  61,  56,  52,  38,  38,  71,  49,  42,  58,  64,  70,  51,  69,  23,  81,  61,  96,  56,  50,  49,  54,  46,  50,  35,  57,  55,  65,  60,  57,  51,  54,  36,  53,  94,  44,  63,  47,  43,  70,  38,  49,  35,  54,  50,  50,  45,  59,  34,  40,    ,  52,  69,  56,  42,  58,  59,  57,  39,  54, 
Texas Tech       ,B12,   6-6,  55,  53.54,  53.32,  53.0,  10.49,  56,  54,  63,    ,  57,  51,  40,  65,  32,  40,  53,  46,  43,  50,  42,  44,  51,    ,  69,  34,  53,  62,  66,  61,  52,  70,  59,  51,  41,  42,  55,  53,  62,  50,  62,  43,  67,  68,  36,  56,  51,  41,  52,  61,  51,  59,  59,  62,  74,  45,  38,  68,  67,  45,  39,  64,  46,  60,  66,  51,  40,  45,  62,  54,  40,  36,  72,  68,  58,  71,  44,  57,  53,  36,  51,  57,  55,  58,  56,  57,  43,  53,  59,  57,  43,  64,  58,  34,  31,  59,  68,  49,  61,  44,  53,  57,  46,  52,  42,  63,  41,  52,  53,  66,  40,  43,    ,  62,  66,  52,  45,  63,  62,  60,  41,  82, 
Army             ,FBSI,   8-3,  56,  54.96,  54.60,  55.0,  12.41,  50,  59,  50,    ,  46,  55,  70,  48,  60,  63,  50,  57,  66,  51,  66,  47,  65,    ,  28,  66,  43,  40,  38,  59,  71,  54,  37,  63,  69,  53,  59,  48,  40,  49,  51,  64,  38,  43,  63,  40,  52,  61,  66,  55,  45,  45,  47,  51,  31,  70,  56,  39,  38,  70,  66,  44,  56,  48,  53,  58,  81,  55,  39,  51,  63,  68,  40,  46,  50,  38,  65,  39,  50, 106,  69,  49,  47,  67,  39,  52,  73,  55,  56,  49,  72,  35,  53,  29,  72,  51,  83,  66,  40,  60,  59,  59,  61,  62,  62,  48,  59,  60,  57,  61,  72,  61,    ,  63,  40,  59,  66,  41,  47,  49,  76,  55, 
N Illinois       ,MAC,   8-4,  57,  57.87,  57.68,  58.0,   9.77,  60,  61,  61,    ,  48,  62,  71,  50,  63,  70,  58,  60,  61,  58,  67,  58,  63,    ,  39,  76,  49,  50,  42,  54,  65,  52,  63,  62,  65,  60,  54,  58,  47,  44,  60,  73,  43,  48,  59,  48,  59,  62,  57,  46,  58,  52,  53,  58,  35,  73,  59,  51,  41,  52,  59,  48,  55,  58,  58,  56,  59,  53,  55,  42,  66,  70,  53,  47,  57,  44,  68,  37,  59,  89,  80,  56,  56,  65,  33,  64,  76,  59,  45,  55,  68,  48,  67,  67,  68,  55,  74,  68,  46,  63,  63,  48,  65,  64,  64,  56,  61,  66,  67,  48,  78,  62,    ,  53,  47,  66,  60,  55,  52,  55,  61,  50, 
Kentucky         ,SEC,   7-5,  58,  57.89,  57.59,  58.0,  11.05,  45,  46,  40,    ,  61,  58,  74,  62,  77,  78,  51,  44,  68,  52,  73,  48,  67,    ,  59,  56,  61,  42,  48,  73,  76,  51,  44,  58,  62,  56,  64,  51,  59,  80,  49,  59,  46,  47,  67,  55,  54,  59,  67,  58,  61,  46,  49,  59,  59,  69,  55,  47,  53,  60,  71,  41,  60,  46,  48,  59,  66,  77,  51,  79,  53,  62,  46,  50,  56,  45,  75,  53,  45,  43,  76,  58,  59,  50,  79,  48,  63,  56,  79,  46,  67,  45,  48,  45,  74,  58,  47,  58,  47,  59,  57,  94,  62,  57,  69,  60,  58,  55,  61,  73,  67,  69,    ,  46,  43,  46,  68,  45,  48,  45,  65,  47, 
SMU              ,AAC,   7-5,  59,  58.70,  58.42,  59.0,  10.12,  49,  63,  55,    ,  59,  54,  66,  57,  64,  81,  55,  66,  63,  63,  71,  62,  62,    ,  61,  61,  59,  47,  46,  80,  74,  73,  58,  57,  60,  63,  74,  50,  48,  59,  56,  67,  44,  42,  62,  45,  58,  60,  60,  49,  62,  50,  46,  56,  51,  78,  71,  56,  43,  46,  63,  49,  54,  49,  51,  55,  56,  61,  42,  63,  69,  60,  49,  43,  64,  46,  71,  41,  57,  93,  85,  61,  58,  59,  68,  54,  75,  58,  53,  47,  76,  56,  60,  50,  58,  48,  62,  62,  44,  62,  61,  60,  68,  60,  76,  49,  67,  57,  60,  69,  68,  66,    ,  42,  45,  57,  58,  47,  46,  53,  68,  48, 
Mississippi      ,SEC,   6-6,  60,  62.27,  62.11,  63.0,   9.40,  64,  58,  59,    ,  68,  65,  52,  64,  67,  49,  64,  43,  65,  57,  53,  60,  61,    ,  72,  55,  76,  63,  64,  49,  42,  61,  68,  59,  59,  70,  58,  62,  64,  79,  69,  55,  64,  59,  66,  63,  61,  68,  63,  68,  63,  66,  60,  63,  70,  52,  70,  59,  70,  65,  73,  60,  68,  62,  67,  68,  65,  72,  59,  70,  56,  61,  67,  72,  63,  63,  51,  77,  62,  25,  44,  64,  67,  53,  89,  62,  41,  64,  83,  60,  49,  62,  61,  60,  65,  65, 105,  61,  59,  65,  65,  46,  57,  68,  48,  61,  63,  67,  64,  64,  54,  65,    ,  58,  57,  60,  65,  60,  63,  54,  59,  62, 
Indiana          ,B10,   5-7,  61,  62.31,  62.21,  62.0,  12.39,  66,  64,  66,    ,  60,  60,  46,  61,  42,  48,  65,  72,  52,  67,  46,  73,  49,    ,  88,  38,  63,  74,  86,  69,  61,  78,  70,  55,  46,  66,  66,  72,  68,  54,  53,  49,  84,  81,  46,  67,  60,  56,  50,  64,  72,  69,  66,  60,  84,  51,  51,  71,  89,  56,  34,  89,  62,  66,  79,  62,  46,  40,  76,  62,  52,  51,  73,  89,  66,  78,  48,  83,  73,  48,  74,  65,  61,  68,  62,  67,  56,  60,  57,  72,  45,  68,  73,  61,  53,  62,  48,  53,  90,  51,  52,  50,  51,  55,  48,  62,  55,  56,  62,  50,  59,  49,    ,  77,  80,  62,  52,  66,  68,  77,  47,  58, 
Ohio             ,MAC,   8-4,  62,  62.63,  62.51,  63.0,  11.38,  74,  67,  73,    ,  58,  70,  62,  39,  59,  66,  67,  69,  64,  66,  74,  67,  55,    ,  38,  85,  58,  59,  49,  71,  92,  68,  61,  68,  57,  68,  71,  73,  42,  46,  64,  62,  53,  52,  70,  60,  63,  65,  62,  56,  43,  67,  68,  57,  36,  80,  66,  58,  44,  59,  62,  55,  63,  74,  47,  60,  58,  44,  61,  48,  73,  86,  45,  45,  60,  55,  73,  56,  66,  68,  87,  63,  60,  71,  41,  75,  74,  65,  47,  67,  51,  58,  71,  78,  69,  60,  88,  76,  58,  68,  55,  33,  64,  72,  69,  55,  68,  74,  66,  58,  70,  60,    ,  69,  56,  80,  63,  67,  66,  63,  67,  42, 
Virginia         ,ACC,   6-6,  63,  63.33,  63.21,  62.0,   8.49,  54,  60,  57,    ,  62,  57,  77,  76,  61,  62,  59,  65,  57,  59,  62,  54,  59,    ,  79,  40,  64,  61,  69,  55,  66,  64,  60,  56,  58,  49,  65,  59,  65,  69,  58,  68,  69,  70,  54,  62,  64,  52,  64,  65,  73,  58,  64,  64,  83,  64,  49,  64,  75,  61,  65,  63,  59,  59,  65,  61,  55,  66,  70,  65,  50,  57,  79,  71,  61,  64,  61,  85,  63,  88,  57,  62,  63,  63,  63,  56,  59,  61,  77,  63,  87,  60,  54,  48,  56,  63,  82,  52,  71,  56,  58,  77,  66,  56,  69,  72,  60,  58,  56,  86,  63,  70,    ,  67,  64,  55,  61,  57,  61,  59,  58,  70, 
Pittsburgh       ,ACC,   5-7,  64,  64.30,  64.18,  65.0,  14.40,  63,  62,  72,    ,  70,  61,  48,  70,  50,  33,  66,  62,  48,  60,  39,  65,  47,    ,  84,  99,  67,  82,  88,  50,  41,  72,  78,  54,  53,  58,  56,  66,  78,  74,  61,  56,  88,  87,  55,  73,  67,  58,  56,  72,  77,  68,  78,  68,  91,  43,  54,  74,  93,  67,  40,  78,  57,  70,  69,  64,  47,  63,  82,  64,  43,  56,  85,  73,  65,  85,  38,  98,  70,  72,  48,  59,  66,  64,  75,  60,  39,  66,  67,  85,  46,  67,  55,  74,  42,  73,  81,  55,  80,  58,  54,  82,  47,  58,  40,  69,  57,  62,  49,  53,  38,  56,    ,  82,  84,  61,  53,  72,  71,  65,  44,  78, 
California       ,P12,   5-7,  65,  65.23,  65.12,  64.0,  11.07,  62,  57,  68,    ,  66,  59,  54,  67,  48,  45,  70,  64,  60,  61,  43,  64,  60,    ,  86,  54,  74,  76,  87,  62,  51,  63,  90,  61,  64,  65,  60,  64,  77,  70,  57,  53,  85,  82,  52,  72,  62,  64,  54,  70,  74,  64,  75,  66,  89,  55,  62,  67,  87,  75,  52,  79,  61,  71,  80,  65,  53,  60,  75,  69,  67,  67,  75,  83,  70,  82,  50,  86,  64,  58,  61,  70,  69,  61,  73,  65,  48,  63,  70,  70,  52,  69,  62,  42,  50,  64,  69,  59,  73,  61,  64,  88,  52,  59,  42,  73,  52,  61,  44,  70,  55,  58,    ,  84,  81,  58,  54,  71,  65,  66,  52,  76, 
North Texas      ,CUSA,   9-4,  66,  65.82,  65.71,  64.0,  18.52,  61,  75,  52,    ,  63,  68,  91,  69,  94,  85,  62,  51,  91,  53,  95,  55,  88,    ,  50,  63,  60,  44,  35,  65,  87,  50,  49,  72,  94,  64,  62,  54,  53,  90,  71,  91,  33,  41,  77,  51,  65,  75,  86,  53,  49,  57,  48,  65,  37, 107,  68,  62,  31,  68,  86,  26,  72,  53,  44,  63,  80,  86,  44,  67,  78,  72,  50,  44,  48,  37,  97,  36,  54,  79,  83,  66,  62,  60,  71,  61,  87,  62,  76,  43,  96,  44,  64,  43,  90,  61,  64,  78,  39,  72,  75,  56,  89,  71,  97,  67,  76,  72,  83,  85, 101,  95,    ,  39,  38,  71,  86,  48,  49,  51, 101,  59, 
C Michigan       ,MAC,   8-4,  67,  67.65,  67.57,  67.0,  10.46,  68,  65,  67,    ,  65,  72,  85,  71,  79,  65,  61,  54,  70,  64,  78,  61,  70,    ,  41,  75,  62,  54,  50,  72,  59,  75,  72,  71,  84,  62,  57,  63,  50,  67,  73,  86,  50,  62,  82,  64,  70,  70,  82,  62,  69,  60,  62,  72,  50,  85,  60,  63,  46,  84,  89,  52,  67,  65,  63,  67,  70,  69,  58,  47,  71,  75,  58,  51,  55,  49,  76,  59,  65,  71,  72,  60,  64,  72,  66,  66,  65,  67,  66,  59,  95,  52,  66,  79,  87,  71,  59,  77,  56,  70,  73,  73,  81,  73,  84,  74,  71,  73,  72,  84,  86,  85,    ,  65,  54,  72,  76,  61,  60,  67,  79,  66, 
Florida          ,SEC,   4-7,  68,  69.78,  69.85,  70.0,  10.30,  69,  66,  64,    ,  74,  69,  53,  82,  72,  58,  72,  73,  67,  73,  59,  75,  66,    ,  94,  63,  85,  71,  77,  66,  63,  65,  56,  67,  63,  77,  68,  71,  74,  82,  72,  51,  91,  71,  68,  80,  72,  71,  71,  86,  83,  72,  67,  69,  92,  53,  73,  76,  84,  62,  67,  70,  65,  64,  84,  77,  84,  82,  81,  87,  68,  65,  80,  76,  69,  76,  62,  76,  56,  37,  54,  71,  70,  62,  85,  70,  57,  69,  84,  64,  29,  72,  69,  71,  75,  66,  54,  65,  78,  71,  74,  87,  60,  67,  48,  75,  64,  65,  70,  67,  61,  59,    ,  72,  74,  64,  72,  69,  69,  71,  55,  73, 
Minnesota        ,B10,   5-7,  69,  71.37,  71.23,  69.0,   9.43,  71,  68,  65,    ,  64,  67,  68,  68,  54,  76,  69,  74,  62,  72,  60,  84,  64,    ,  92,  72,  66,  73,  82,  81,  64,  84,  88,  69,  61,  69,  75,  76,  75,  81,  68,  66,  86,  83,  73,  76,  66,  63,  58,  77,  88,  71,  69,  61,  87,  59,  67,  79,  90,  74,  56,  85,  69,  67,  71,  66,  60,  56,  83,  82,  62,  64,  84,  88,  68,  79,  67,  80,  79,  67,  81,  69,  65,  73,  92,  71,  66,  68,  68,  76,  59,  74,  76,  62,  61,  68,  75,  63,  87,  64,  62,  96,  58,  65,  69,  68,  66,  63,  63,  82,  58,  57,    ,  85,  82,  66,  59,  73,  76,  78,  57,  67, 
Appalachian St   ,SBC,   8-4,  70,  71.49,  71.44,  72.0,  14.50,  93,  76,  87,    ,  72,  91,  67,  59,  84,  61,  83,  67,  74,  71,  69,  70,  69,    ,  36, 108,  65,  72,  56,  56,  70,  53,  80,  84,  71,  80,  69,  86,  66,  55,  84,  69,  58,  56,  93,  65,  73,  91,  78,  63,  52,  83,  76,  74,  40,  68,  75,  61,  50,  63,  69,  68,  78,  86,  62,  76,  63,  67,  56,  53,  82,  90,  47,  48,  74,  60,  60,  63,  75,  74,  84,  68,  73,  75,  52,  91,  85,  74,  40,  73,  81,  79,  84, 104,  64,  74, 100,  98,  66,  89,  72,  35,  73,  93,  62,  59,  74,  86,  87,  40,  62,  68,    ,  64,  67,  96,  81,  82,  86,  80,  80,  49, 
Syracuse         ,ACC,   4-8,  71,  73.23,  73.23,  71.0,  11.90,  67,  74,  74,    ,  69,  64,  60,  83,  62,  84,  71,  85,  59,  68,  83,  81,  68,    ,  99,  98,  78,  84,  92,  82,  73,  77,  66,  65,  66,  71,  87,  70,  76,  68,  65,  58,  97,  89,  57,  81,  79,  69,  61,  67,  84,  73,  74,  73,  96,  65,  69,  82,  94,  66,  64,  74,  66,  72,  70,  71,  57,  64,  91,  88,  54,  54,  99,  82,  75,  91,  79,  94,  85,  92,  59,  72,  68,  57,  91,  69,  68,  70,  82,  80,  88,  77,  52,  76,  48,  67,  57,  64,  75,  67,  67,  89,  70,  63,  79,  79,  65,  64,  54,  78,  42,  64,    ,  74,  83,  63,  62,  70,  74,  64,  63,  90, 
Marshall         ,CUSA,   7-5,  72,  73.74,  73.68,  76.0,  11.72,  81,  78,  80,    ,  71,  81,  89,  58,  82,  82,  85,  88,  85,  80,  85,  85,  78,    ,  62,  93,  73,  66,  54,  89, 101,  82,  46,  83,  80,  86,  84,  79,  63,  57,  74,  82,  57,  50,  87,  68,  69,  85,  69,  66,  65,  77,  72,  67,  46,  88,  76,  65,  55,  80,  54,  57,  76,  81,  61,  72,  74,  75,  74,  68,  88,  85,  52,  52,  81,  62,  81,  47,  71,  61, 100,  81,  75,  79,  58,  82,  88,  73,  60,  71,  78,  81,  79,  75,  77,  70,  76,  83,  64,  82,  69,  58,  83,  79,  84,  65,  77,  79,  69,  54,  83,  78,    ,  68,  68,  84,  74,  79,  79,  68,  89,  51, 
Temple           ,AAC,   6-6,  73,  74.57,  74.60,  74.0,   7.29,  70,  77,  75,    ,  85,  73,  69,  77,  83,  67,  74,  84,  78,  86,  75,  71,  72,    ,  74,  37,  84,  67,  72,  64,  62,  76, 102,  73,  76,  74,  78,  69,  82,  72,  66,  83,  73,  72,  79,  69,  80,  74,  73,  80,  87,  65,  73,  77,  76,  72,  72,  78,  77,  83,  80,  80,  70,  69,  74,  70,  75,  85,  66,  75,  72,  74,  69,  84,  73,  74,  78,  70,  83,  73,  70,  67,  83,  85,  90,  68,  72,  77,  75,  74,  80,  70,  68,  72,  81,  78,  84,  73,  70,  73,  70,  86,  75,  70,  69,  70,  78,  68,  68,  68,  79,  88,    ,  70,  71,  70,  73,  68,  70,  70,  74,  74, 
Maryland         ,B10,   4-8,  74,  75.53,  75.65,  74.0,  15.29,  55,  73,  62,    ,  75,  63,  84,  90,  65,  93,  63,  94,  80,  69,  92,  74,  87,    , 103,  20,  77,  69,  90,  93,  84,  86,  79,  64,  72,  57,  89,  65,  84, 100,  63,  84,  94,  80,  64,  71,  76,  67,  68,  79,  80,  63,  61,  71,  99,  81,  63,  86,  96,  71,  68,  87,  71,  63,  88,  69,  76,  76,  79,  95,  61,  49,  91, 106,  72,  81,  80,  84,  78,  44,  91,  82,  72,  69, 114,  59,  83,  71, 103,  68,  92,  73,  65,  70,  71,  69,  34,  54,  74,  55,  71, 114,  76,  61, 102,  81,  70,  54,  65, 104,  74,  80,    ,  75,  76,  52,  64,  64,  64,  76,  81,  72, 
Florida Intl     ,CUSA,   8-4,  75,  77.11,  77.06,  77.0,  16.38,  76,  80,  70,    ,  88,  83, 105,  81, 101,  73,  77,  70,  99,  70,  86,  66,  90,    ,  57,  61,  72,  55,  45,  78,  80,  98,  81,  91, 101,  76,  86,  68,  69,  84,  75, 110,  47,  79, 100,  66,  75,  87,  90,  69,  68,  70,  65,  83,  44, 114,  74,  66,  47,  92,  90,  47,  80,  68,  64,  74, 101, 101,  46,  72,  91,  76,  48,  54,  67,  48,  85,  44,  67,  84,  77,  74,  81,  77,  83,  74,  84,  82,  88,  62,  94,  63,  70,  66, 108,  77,  61,  87,  49,  84,  83,  83,  98,  82,  96,  71,  91,  75,  92,  83, 106, 105,    ,  51,  52,  81,  92,  65,  67,  69, 113,  71, 
Colorado St      ,MWC,   7-5,  76,  77.44,  77.48,  76.0,   9.69,  91,  69,  86,    ,  73,  89,  61,  78,  75,  68,  84,  75,  73,  87,  72,  69,  75,    ,  54,  82,  75,  81,  76,  60,  68,  59,  73,  90,  75,  79,  67,  92,  85,  86,  90,  72,  75,  77,  88,  83,  74,  73,  76,  71,  67,  89,  84,  76,  64,  74,  83,  69,  69,  78,  79,  83,  86,  87,  83,  75,  71,  78,  69,  71,  83,  82,  71,  78,  86,  73,  57,  69,  72,  70,  79,  75,  80,  90,  64,  90,  71,  76,  73,  84,  63,  78,  88,  95,  73,  82, 106,  88,  84,  85,  80,  42,  74,  86,  64,  80,  75,  93,  85,  63,  75,  71,    ,  96,  75,  90,  77,  86,  90,  85,  75,  80, 
Colorado         ,P12,   5-7,  77,  77.62,  77.67,  78.0,   9.60,  78,  72,  77,    ,  81,  75,  59,  86,  69,  74,  76,  71,  76,  75,  61,  78,  79,    ,  89,  53,  83,  87,  97,  74,  67,  55,  77,  76,  70,  75,  76,  82,  89,  77,  78,  65,  90,  94,  72,  85,  71,  72,  74,  83,  89,  81,  85,  84,  88,  60,  78,  83,  92,  73,  75,  91,  79,  82,  90,  80,  68,  81,  87,  84,  75,  66,  86,  90,  85,  90,  77,  90,  74,  78,  78,  79,  82,  74,  84,  79,  58,  75,  86,  83,  50,  84,  81,  68,  67,  80,  60,  69,  91,  76,  76,  91,  63,  76,  58,  86,  69,  76,  82,  77,  69,  67,    ,  90,  90,  74,  75,  84,  82,  87,  60,  93, 
Nebraska         ,B10,   4-8,  78,  77.64,  77.47,  76.0,  10.42,  72,  71,  69,    ,  77,  71,  76,  88,  71,  89,  68,  82,  71,  74,  77,  83,  71,    , 101,  78,  71,  83,  91,  94,  72, 101,  84,  70,  77,  67,  81,  78,  83,  96,  70,  74,  96,  92,  65,  86,  81,  66,  65,  78,  90,  76,  70,  70,  98,  63,  65,  87,  97,  81,  61,  86,  77,  73,  82,  73,  64,  68,  94,  86,  65,  71,  96,  97,  77,  88,  92,  74,  81,  60,  64,  78,  71,  66, 111,  72,  77,  78,  85,  81,  71,  82,  75,  77,  66,  72,  77,  67,  88,  69,  68, 102,  71,  66,  84,  66,  72,  70,  75,  71,  65,  74,    ,  73,  86,  69,  67,  75,  77,  82,  70,  88, 
Arkansas St      ,SBC,   7-4,  79,  77.83,  78.05,  80.0,  14.18, 100,  82,  90,    ,  80,  96,  75,  60,  80,  71,  87,  68,  72,  79,  76,  79,  73,    ,  49,  90,  68,  85,  63,  58,  91,  57,  71,  87,  79,  89,  61,  94,  73,  64,  96,  76,  68,  64,  91,  79,  82,  80,  85,  81,  64,  97,  86,  78,  41,  79,  93,  70,  62,  72,  77,  73,  92,  90,  72,  91, 100,  65,  72,  58,  89,  81,  51,  55,  84,  72,  63,  72,  86,  86,  60,  73,  78,  82,  54, 100,  82,  81,  49,  79,  79,  88, 101, 106,  84,  85,  91,  95,  81,  90,  84,  23,  80,  96,  67,  64,  87,  97,  84,  52,  84,  75,    ,  81,  77, 102,  84,  90,  88,  86,  73,  60, 
Wyoming          ,MWC,   7-5,  80,  77.85,  78.03,  79.0,   8.30,  88,  79,  82,    ,  67,  87,  83,  72,  76,  95,  75,  79,  83,  83,  84,  72,  82,    ,  60,  80,  69,  80,  75,  85,  85,  67,  38,  89,  85,  78,  72,  83,  79,  73,  86,  81,  66,  73,  89,  77,  78,  76,  87,  74,  70,  84,  81,  75,  60,  84,  88,  73,  64,  77,  87,  71,  89,  78,  77,  79,  82,  80,  68,  73,  86,  73,  68,  67,  76,  70,  83,  82,  69,  85,  68,  80,  76,  84,  59,  89,  90,  72,  80,  69,  69,  71,  87,  91,  79,  84,  78,  84,  76,  81,  79,  61,  79,  85,  79,  77,  81,  84,  80,  74,  85,  79,    ,  76,  70,  86,  82,  77,  81,  88,  84,  69, 
W Michigan       ,MAC,   6-6,  81,  78.47,  78.33,  79.0,   8.05,  80,  88,  85,    ,  76,  79,  63,  74,  73,  91,  82,  93,  77,  84,  80,  88,  81,    ,  67,  78,  80,  77,  74,  87,  83,  66,  85,  79,  78,  82,  79,  80,  67,  62,  79,  78,  70,  69,  71,  74,  86,  83,  79,  76,  76,  79,  80,  79,  77,  61,  87,  84,  71,  64,  82,  72,  73,  83,  87,  81,  86,  70,  80,  77,  80,  92,  74,  74,  80,  75,  88,  64,  82, 114,  88,  76,  74,  86,  69,  83,  92,  79,  64,  86,  56,  83,  86,  84,  82,  75,  80,  81,  72,  79,  85,  74,  82,  83,  67,  85,  82,  83,  76,  65,  77,  72,    ,  79,  72,  85,  79,  81,  80,  79,  64,  85, 
Southern Miss    ,CUSA,   8-4,  82,  78.70,  78.92,  81.0,  12.55,  85,  87,  76,    ,  78,  86,  93,  84,  96,  83,  86,  81,  94,  78,  87,  68,  94,    ,  47,  87,  70,  68,  55,  76,  90,  71,  67,  88,  93,  83,  77,  77,  71,  71,  83,  88,  60,  67,  86,  78,  68,  93,  94,  73,  66,  78,  77,  87,  45,  86,  84,  77,  49,  82,  94,  59,  85,  80,  68,  82,  95,  90,  60,  66,  93,  89,  70,  58,  78,  57,  84,  58,  68,  65,  82,  77,  79,  80,  65,  84,  91,  84,  81,  66,  91,  66,  85,  82,  95,  79,  71,  91,  60,  92,  89,  34,  93,  88,  79,  88,  86,  88,  95,  81,  95,  89,    ,  71,  62,  88,  95,  80,  78,  72,  97,  75, 
Vanderbilt       ,SEC,   5-7,  83,  80.34,  80.48,  81.0,   9.45,  75,  70,  71,    ,  89,  76,  80,  93,  87,  79,  78,  61,  88,  77,  81,  76,  86,    ,  90,  66,  93,  75,  85,  67,  69,  90,  92,  75,  81,  81,  97,  75,  86, 105,  77,  77,  81,  84,  81,  93,  77,  79,  83,  85,  78,  80,  82,  85,  90,  75,  82,  72,  85,  85,  81,  76,  83,  75,  81,  86,  93,  94,  78,  97,  74,  80,  87,  96,  87,  77,  69,  88,  77,  39,  94,  84,  84,  70,  93,  76,  64,  85,  99,  77,  75,  80,  74,  64,  83,  86,  55,  72,  82,  77,  81,  81,  77,  75,  76,  87,  80,  77,  81,  98,  71,  82,    ,  60,  78,  72,  89,  78,  75,  74,  85,  83, 
Tulane           ,AAC,   5-7,  84,  80.40,  80.31,  79.0,   8.02,  73,  86,  84,    ,  86,  74,  92,  79,  74,  90,  80,  96,  84,  93,  79,  87,  77,    ,  93,  63,  88,  79,  78,  99,  78,  96,  87,  77,  74,  84,  83,  67,  81,  60,  76,  80,  83,  75,  75,  75,  83,  81,  75,  88,  91,  74,  79,  80,  85,  92,  86,  85,  82,  58,  74,  77,  74,  77,  86,  78,  72,  83,  77,  85,  79,  77,  83,  79,  90,  83,  87,  78,  88, 110,  93,  83,  85,  81,  87,  73,  79,  80,  78,  82,  93,  85,  72,  69,  78,  76,  63,  75,  67,  74,  77,  90,  84,  74,  91,  76,  83,  71,  73,  79,  82,  84,    ,  78,  79,  74,  70,  76,  72,  73,  83,  79, 
Arkansas         ,SEC,   4-8,  85,  83.09,  83.19,  83.0,   9.77,  82,  83,  83,    ,  87,  82,  72,  95,  88,  72,  79,  78,  79,  81,  70,  82,  74,    , 100,  73,  94,  89,  96,  79,  58,  85,  74,  78,  73,  87,  92,  81,  90,  89,  88,  70,  99,  93,  78,  88,  85,  78,  91,  92,  79,  85,  83,  91, 100,  57,  81,  92,  95,  86, 100,  92,  81,  79,  98,  90,  73,  91,  92,  96,  76,  69,  97, 100,  79,  94,  66,  87,  80,  56,  63,  88,  88,  76, 100,  81,  62,  87,  92,  87,  77,  92,  83,  80,  76,  83,  56,  79,  86,  86,  93,  92,  72,  80,  76,  90,  79,  80,  88,  76,  80,  77,    ,  80,  88,  77,  88,  83,  83,  81,  77,  96, 
Akron            ,MAC,   7-6,  86,  83.39,  83.29,  82.0,  11.70,  77,  84,  79,    ,  82,  78, 104,  89,  89,  98,  73,  83,  92,  76, 103,  80,  91,    ,  71,  76,  79,  70,  65,  90,  95,  83,  96,  80,  98,  72,  82,  74,  70,  97,  80, 100,  61,  66,  80,  70,  90,  86,  88,  75,  75,  75,  71,  86,  69, 103,  85,  81,  68,  93,  88,  67,  84,  76,  76,  83,  94,  87,  73,  80,  84,  84,  81,  81,  71,  65,  89,  54,  76, 124, 102,  85,  77,  83,  81,  77, 102,  83,  98,  75, 112,  76,  78,  94,  94,  81,  79,  82,  69,  80,  86, 110,  95,  81,  97,  84,  93,  82,  97, 101,  98,  94,    ,  66,  63,  82,  87,  74,  73,  75,  95,  87, 
Utah St          ,MWC,   6-6,  87,  84.57,  84.71,  85.0,   9.50,  96,  81,  91,    ,  79,  92,  82,  75,  68,  75,  91,  91,  82,  95,  68,  89,  80,    ,  76,  83,  82,  90,  84,  88,  82,  92,  76,  95,  89,  91,  73,  98,  91,  85,  87,  85,  77,  85,  90,  91,  84,  84,  80,  84,  71,  93,  90,  81,  75,  83,  92,  80,  79,  87,  83,  88,  90,  95,  91,  84,  83,  71,  84,  78,  87,  83,  78,  85,  92,  84,  64,  79,  91,  45,  66,  90,  86,  97,  72,  97,  78,  90,  72,  91,  82,  93,  94,  99, 100,  87, 108,  90,  89,  91,  82,  55,  78,  91,  69,  82,  84,  99,  78,  72, 103,  76,    ,  89,  87,  95,  80,  88,  96,  94,  82,  81, 
Buffalo          ,MAC,   6-6,  88,  85.25,  85.32,  86.0,   8.29,  87,  91,  93,    ,  84,  85,  96,  66,  81,  80,  90, 105,  86,  91,  89,  93,  84,    ,  81,  84,  87,  88,  80,  86,  81,  97,  82,  85,  87,  85,  90,  84,  80,  52,  81,  92,  78,  74,  76,  84,  95,  89,  77,  87,  81,  90,  93,  82,  71, 112,  80,  88,  78,  88,  84,  75,  82,  91,  78,  85,  78,  73,  93,  74,  85,  94,  77,  64,  83,  86,  90,  93,  90,  80,  98,  89,  87,  88,  78,  88,  93,  86,  74,  94, 101,  86,  90,  92,  80,  89,  87,  85,  83,  83,  78,  76,  87,  87,  97,  78,  90,  90,  74,  96,  92,  90,    ,  92,  89,  89,  78,  92,  89,  83,  90,  65, 
North Carolina   ,ACC,   3-9,  89,  86.16,  86.25,  91.0,  15.89,  84,  92,  94,    ,  92,  77,  58,  96,  66,  54,  93,  90,  69,  90,  52,  97,  76,    , 110,  71,  96, 103, 109,  63,  57,  91,  99,  74,  68,  88,  70,  89,  98,  95,  82,  57, 110, 107,  69,  96,  94,  82,  72,  98,  98,  88, 100,  94, 110,  62,  79, 102, 110,  91,  70, 102,  75,  99, 108,  87,  69,  79, 106,  91,  70,  79, 114, 105,  91, 104,  70, 108,  99,  99,  73,  87,  92,  92,  97,  80,  50,  91, 107, 100,  57,  99,  82,  88,  63,  93,  95,  71, 105,  78,  87,  93,  67,  77,  58, 100,  73,  78,  77,  94,  60,  73,    , 102, 104,  78,  69,  98,  97, 102,  62, 102, 
Louisiana Tech   ,CUSA,   6-6,  90,  88.91,  88.99,  91.0,   8.29,  98,  94,  89,    ,  93,  98,  86,  73,  97,  97, 100,  86, 101,  88,  91,  96,  92,    ,  82,  88,  91,  86,  79,  75,  96,  79,  86,  93,  92,  97,  93,  91,  88,  83,  91,  97,  76,  78,  95,  89,  93, 100,  93,  89,  82,  96,  92,  89,  67,  89,  95,  89,  73,  79,  91,  82,  94,  96,  73,  93,  97,  93,  86,  90,  96,  95,  82,  77,  88,  80,  86,  65,  87,  97, 109,  93,  93,  95,  76,  95,  94,  95,  71,  88,  86,  94,  98,  90,  98,  91,  72,  96,  79,  95,  91,  80,  92,  98,  88,  83,  92,  94,  93,  75,  87,  93,    ,  86,  85,  99,  97,  93,  93,  89,  93,  64, 
Tennessee        ,SEC,   4-8,  91,  89.17,  89.20,  90.0,   8.97,  83,  85,  81,    ,  96,  84,  79,  97,  92, 103,  89,  76,  89,  92,  90,  90,  89,    ,  97,  68,  98,  92,  99,  77,  89,  81,  91,  82,  82,  90, 102,  85,  95, 104,  89,  75, 101,  97,  83,  95,  89,  88,  92,  95,  93,  87,  88,  93, 103,  71,  90,  90, 101,  95,  96,  95,  87,  85,  92,  94,  92,  98,  95, 105,  81,  87, 101,  99,  96,  95,  91,  95,  89,  63,  67,  96,  94,  78, 115,  85,  81,  89, 104,  89,  83,  90,  77,  73,  92,  90,  70,  80,  95,  88,  96, 107,  85,  84,  79,  98,  85,  85,  86, 103,  76,  83,    ,  87,  92,  78,  93,  87,  87,  84,  78,  92, 
E Michigan       ,MAC,   5-7,  92,  89.25,  89.49,  90.0,   7.72,  90,  93,  97,    ,  90,  88,  90,  80,  78,  87,  92,  98,  81,  96,  88, 101,  83,    ,  87,  88,  92,  96,  93,  91,  94, 103,  93,  86,  83,  93,  91,  96,  72,  53,  92,  87,  92,  90,  85,  87,  96,  92,  81,  91,  94,  94,  96,  90,  82,  91,  89,  93,  91,  89,  76,  94,  88,  97,  85,  92,  77,  74, 102,  76,  90,  98,  90,  80,  93,  98,  94,  73,  93, 103,  92,  91,  90,  96,  88,  92,  89,  92,  65,  96,  89,  96, 100,  97,  85,  92,  89,  86,  97,  87,  90,  68,  88,  92,  88,  89,  89,  91,  89,  80,  88,  86,    ,  98,  97,  93,  83,  96,  91,  95,  87,  84, 
UAB              ,CUSA,   8-4,  93,  89.48,  89.66,  91.0,  12.42,  94,  90,  88,    ,  94,  99, 100,  87, 108,  96,  95,  77, 106,  82, 101,  77, 102,    ,  75,  86,  81,  78,  67,  83, 100,  80,  83,  98, 107,  96,  80,  90,  87,  93,  98, 102,  72,  76, 101,  82,  87,  97, 100,  82,  85,  91,  91,  92,  49, 108,  94,  75,  56,  96, 105,  81,  98,  88,  89,  89, 107, 100,  64,  81,  97,  88,  65,  66,  82,  67,  98, 100,  84, 104,  86,  86,  95,  87,  67,  94, 103,  88,  89,  78,  98,  75,  92,  85, 109,  96,  67, 101,  77,  96,  94,  63, 103, 100, 104,  93,  98,  92,  96,  97, 115, 106,    ,  83,  73,  97, 103,  91,  85,  92, 106,  89, 
Air Force        ,MWC,   5-7,  94,  91.62,  91.63,  92.0,   6.88,  97,  95,  95,    ,  83,  94,  81,  94,  90,  86,  88,  80,  93,  98,  82,  91,  99,    ,  91,  81,  89,  94,  94,  84,  77,  93,  62,  97,  91,  92,  85,  97,  92,  94,  99,  90,  87,  91,  84,  92,  97,  90,  99,  90,  92,  98,  89,  95,  95,  87,  99,  94,  88,  90, 104,  96,  96,  89,  97,  95,  91,  88,  89,  94,  92,  91,  92,  86,  94,  93,  74,  91,  95, 125, 103,  94,  91,  93,  86,  96,  80,  94,  87,  92,  85,  95,  96,  93,  89,  88, 101,  93,  94,  93,  98, 100,  86,  94,  79,  99,  94, 101,  94,  87,  91,  87,    ,  88,  91,  90,  96,  89,  95,  97,  88,  94, 
Rutgers          ,B10,   4-8,  95,  92.08,  92.05,  92.0,  10.07,  79,  89,  78,    ,  95,  80,  97,  98,  86, 110,  81,  92,  87,  85, 100,  92, 100,    , 107,  90,  86,  93, 102, 112,  93, 100,  97,  81,  95,  73,  95,  88,  97, 113,  85,  95, 102, 101,  74,  94,  91,  77,  89,  96,  97,  82,  87,  88, 107, 100,  77,  95, 103,  99,  92,  98,  91,  84, 101,  88,  90,  84,  97, 100,  77,  78, 102, 109,  89,  99,  93,  96,  97,  91,  71,  95,  89,  89, 106,  78,  86,  93, 116,  93, 110,  87,  80,  83,  86,  94,  90,  74, 103,  75,  88, 111,  90,  78, 111,  96,  88,  81,  91, 122,  94,  91,    ,  94,  96,  76,  85,  85,  84,  93,  94,  99, 
UT San Antonio   ,CUSA,   6-5,  96,  92.49,  92.72,  95.0,  10.89, 103,  98,  98,    ,  91, 101,  94,  85,  98,  88, 102,  89, 103,  94, 104,  94, 103,    ,  73,  90,  90,  95,  81,  92, 106,  87,  54, 101,  90,  99,  98,  99,  93,  76, 100,  93,  79,  88,  96,  90,  92, 106,  95,  94,  86, 100,  97,  96,  66,  94,  97,  96,  74,  76,  93,  90,  99, 102, 100,  98, 108,  92,  85,  89, 103,  99,  76,  75,  97,  87, 100,  71,  96,  82, 111,  97,  97,  91,  61, 102, 105,  97,  69,  90,  73,  91, 104,  87, 101,  95,  73, 103,  85,  99,  97,  52, 100, 103,  97,  91,  95, 102,  99,  92,  93,  96,    ,  95,  93, 107,  98, 100,  99,  96, 102,  91, 
MTSU             ,CUSA,   6-6,  97,  92.50,  92.62,  94.0,   6.94,  92,  96,  92,    ,  97,  93, 103,  92,  99,  77,  98, 101,  97,  89,  97,  98,  96,    ,  78,  97,  95,  91,  83,  97,  88,  88,  89,  92,  97,  94,  96,  95,  94,  91,  97,  98,  80,  95,  94, 100,  88,  96,  96,  93,  95,  95,  95,  97,  78, 101,  91,  99,  81,  94,  97,  84,  95,  93,  75,  96, 102,  96,  90,  83,  95,  96,  89,  93,  95,  89,  95,  89,  92,  62,  90,  92,  96,  94,  80,  93,  98,  96,  93,  95, 115,  89,  93,  81, 102,  97,  96,  92,  93,  94,  95,  71,  94,  95,  91,  94,  96,  95,  79,  90,  89,  98,    ,  91,  94,  94,  99,  95,  92,  90, 100,  86, 
Miami OH         ,MAC,   5-7,  98,  97.80,  98.05,  98.0,   8.33,  99, 101, 105,    ,  98,  97, 107,  91,  91,  92, 104, 113,  95, 105, 102, 109,  97,    ,  77, 116, 101, 100, 103, 100,  99, 102,  95,  94,  88, 100, 101, 100,  96,  75,  95,  94,  98, 100,  98,  97, 103, 101,  84,  97,  99,  99, 105,  98,  93,  98,  98, 101,  99,  97,  78, 103,  93, 106,  96,  97,  89,  89, 104,  92,  98, 100,  88,  87,  98, 101, 104, 113, 103,  95, 123,  98,  99, 104,  82,  99, 100,  98,  94, 102, 104, 101,  95, 109,  99,  98, 116,  97,  98,  97,  92,  53,  97,  99,  97,  95,  99,  96,  90,  93,  96,  99,    , 107, 102, 100,  90, 106, 100, 104,  96,  95, 
WKU              ,CUSA,   6-6,  99, 101.64, 101.86, 102.0,   7.62, 102, 108,  99,    , 102, 104,  95, 102, 111, 116, 108,  87, 114,  99, 107, 103, 113,    ,  80,  96, 102,  99,  95,  96, 105,  74, 112, 103, 105, 105,  99, 103, 100, 103, 106, 109,  93,  99, 112,  99,  98, 113, 111, 101, 104, 103, 104, 101,  86,  96, 106, 100,  86, 102, 114, 101, 106, 103, 103, 101, 110, 111,  98,  99, 108, 107,  98,  94,  99,  97, 116, 101, 100,  94, 108, 100, 102, 111,  94, 103, 111, 100, 105,  99,  74,  97, 106, 100, 112, 103,  93, 104,  99, 105, 101,  84, 106, 106,  91, 110, 107, 105, 112,  95,  99, 102,    , 100,  99, 104, 111, 101, 101,  98, 104,  98, 
New Mexico St    ,SBC,   6-6, 100, 101.82, 102.09, 103.0,   8.07, 107,  99, 106,    , 101, 108, 110,  99, 109, 114, 103,  95, 107,  97, 114,  95, 110,    ,  83, 109,  99, 101,  89, 102, 110,  89,  94, 106, 108, 101, 108, 105,  99, 102, 109, 103,  89,  96, 109,  98,  99, 107, 108,  99, 101, 107, 101, 104,  80, 116, 104,  91,  83, 101, 109,  97, 107, 105,  94, 102, 106, 106,  96,  93, 110, 111,  94,  92, 102,  96, 105,  92,  94,  90,  99, 103, 100, 105,  74, 109, 114, 104,  95,  97, 109, 104, 110, 102, 105, 104, 117, 109, 100, 106, 102,  69, 107, 109, 107, 101, 103, 107, 106, 108, 109, 109,    ,  99,  98, 105, 109, 105, 102, 103, 109, 100, 
Cincinnati       ,AAC,   4-8, 101, 101.84, 101.92, 103.0,   7.14,  86, 104,  96,    , 103,  90, 111, 112, 105, 119,  99, 107, 105, 107, 109, 105, 107,    , 109, 109, 106,  98, 101, 109, 112, 108, 106,  96,  99,  95, 114,  87, 101, 111,  93, 108, 103, 102,  92, 101, 101, 102, 102, 102, 107,  86,  99, 105, 109, 104, 100, 103, 105,  98,  99,  99,  97,  98, 110,  99, 104, 110,  99, 106, 100,  97, 105, 107, 108, 102, 113, 103, 106, 100, 101, 105, 103, 108, 103,  87, 109,  99, 111,  98, 114, 100,  89,  86, 103,  99,  86,  94,  96,  98, 100, 103, 108,  89, 112, 111, 104,  89,  98, 111, 104, 108,    ,  97, 100,  86, 100,  97,  94,  91, 105, 112, 
UNLV             ,MWC,   5-7, 102, 102.19, 102.21, 102.0,   4.98, 106,  97, 108,    ,  99, 106,  99, 100, 103, 104,  96, 104, 102, 108, 105, 104, 106,    ,  95, 103, 100, 104,  98,  98, 104,  99, 107, 105, 103, 104, 103, 106, 104,  98, 105, 104, 100,  98, 102, 104, 100,  95, 101, 100, 100, 106,  98,  99,  94,  93, 109,  98, 100, 103, 102, 113, 104, 100,  93, 100, 103, 102, 101, 113, 104, 105,  95,  91, 105, 103, 102, 105, 101, 102, 112,  99, 101,  99,  96, 106, 106, 102,  97, 115, 100, 102,  99,  89, 107, 101, 114, 107, 104, 103,  99,  95, 102, 105, 104,  97, 105, 125, 103, 100, 107, 101,    , 104, 103, 107, 102, 103, 106, 101,  99, 101, 
BYU              ,FBSI,   4-9, 103, 104.12, 104.47, 106.0,   6.51, 108, 102, 107,    , 104, 107, 101, 105, 102,  99, 106, 106,  98, 102,  99, 108, 104,    , 105, 101, 107, 108, 112,  95,  98,  94, 101, 104, 100, 107, 100, 111, 109, 109, 108,  96, 107, 108, 103, 105, 104, 108, 107, 106, 103, 109, 108, 102, 108,  90, 107, 109, 111, 113, 110, 108, 109, 109, 102, 103,  87, 103, 108, 102, 102, 103, 107, 110, 104, 107, 103, 106, 104,  66, 105, 104, 106, 117, 102, 107,  97, 105, 108, 106,  99, 107, 108, 117,  96, 105, 111, 106, 112, 109, 105,  99,  99, 108,  88, 107, 100, 112, 108, 106,  90,  97,    , 109, 107, 106, 108, 108, 107, 110,  91, 103, 
Nevada           ,MWC,   3-9, 104, 104.18, 104.38, 104.0,   6.49, 111, 103, 109,    , 100, 110,  98, 103,  95, 100, 101, 114,  90, 104,  96, 113,  95,    , 111, 102, 103, 109, 106, 108,  97, 116, 110, 113, 104, 113, 104, 114, 108, 108, 107, 101, 113, 104,  99, 103, 107,  98, 104, 103, 102, 110, 102, 100, 111,  95, 114, 108, 108, 100, 101, 109, 105, 101, 112, 106,  99,  97, 109, 116, 109, 104, 100, 104, 100, 110,  96,  97, 102,  81,  97, 101, 105, 102, 101, 108,  99, 107,  90, 117,  97, 109, 109, 105,  97, 100, 109, 108, 109, 108, 108, 108, 101, 107,  91, 103, 101, 109, 104,  89, 110, 100,    , 110, 109, 109, 101, 107, 117, 107,  92, 108, 
Baylor           ,B12,  1-11, 105, 104.83, 105.15, 111.0,  18.20, 121, 105, 120,    , 110, 114,  73, 114,  85,  60, 113, 108,  75, 113,  65, 117,  85,    , 125,  93, 105, 122, 123, 113,  79, 110, 108, 111,  86, 120,  94, 121, 120,  88, 115,  79, 125, 120, 110, 115, 109,  94,  97, 117, 111, 112, 115, 113, 126,  67, 101, 119, 124, 110,  85, 126, 100, 120, 121, 112,  67,  95, 119, 114,  94, 108, 120, 118, 110, 126,  82, 119, 112,  98,  65, 106, 115, 103, 119, 116,  70, 103, 100, 126,  70, 122, 114, 126,  60, 114, 123, 113, 121, 110, 113, 106,  91, 110,  69, 105,  97, 106, 105,  91,  57,  81,    , 122, 124, 125,  91, 119, 127, 112,  69, 119, 
Tulsa            ,AAC,  2-10, 106, 104.96, 105.16, 107.0,   8.76, 105, 114, 112,    , 106, 103,  87, 101,  93, 105, 112, 115,  96, 119,  98, 120,  98,    , 116, 113, 111, 114, 115, 105, 102, 109, 113, 102,  96, 115, 109, 107, 106,  99, 104,  89, 118, 111,  97, 108, 110, 104,  98, 108, 113, 108, 111, 103, 114,  82, 113, 114, 115, 105,  95, 115, 102, 111, 106, 110,  88,  99, 112, 107,  99, 102, 112, 111, 113, 116, 107, 112, 109, 118, 107, 109, 108, 107, 105, 105,  96, 101,  96, 107,  84, 116, 107, 107,  88, 102, 102, 100, 115, 101, 106, 116,  96, 102,  84, 102, 108, 103, 100,  88,  81,  92,    , 114, 115, 103,  94, 109, 109, 108,  86, 110, 
Georgia St       ,SBC,   6-5, 107, 105.35, 105.64, 106.0,  11.60, 109, 100, 101,    , 108, 112, 116, 106, 118, 125,  94, 102, 112, 101, 122,  86, 114,    ,  85, 118,  97,  97,  71, 116, 122, 106, 105, 112, 116, 102, 106, 104, 102, 112, 110, 117,  82,  86, 116, 102, 105,  99, 118, 107,  96, 104,  94, 107,  81, 106, 103,  97,  80, 114, 121,  93, 112,  94,  95, 109, 119, 115,  88, 118, 115, 110,  93,  95, 103,  92, 119,  67,  98, 117, 124, 102,  98,  98,  98, 111, 123, 108, 102, 105, 124,  98, 105,  96, 122, 109, 113, 115,  92, 117, 112, 101, 120, 114, 118,  92, 110, 110, 113, 114, 116, 116,    ,  93,  95, 114, 116,  94, 105,  99, 115,  97, 
Massachusetts    ,FBSI,   4-8, 108, 105.98, 106.21, 108.0,   8.95, 112, 111, 114,    , 107, 111,  88, 108, 100,  94, 116, 112, 100, 112,  93, 106,  93,    , 102, 106, 110, 115, 113, 103,  86, 111, 116, 108, 102, 112,  88, 110, 107,  87, 112,  99, 109, 115, 107, 109, 112, 110, 103, 110, 105, 117, 118, 110, 106,  97, 111, 105, 109, 104,  98, 116, 108, 117, 114, 111,  96, 104, 113,  98, 106, 114, 108, 101, 101, 113,  99, 123, 113,  83,  75, 107, 109, 115,  95, 112, 101, 109,  91, 113,  90, 113, 115, 124,  93, 111,  99, 111, 113, 112, 103,  85, 104, 111,  91, 108, 102, 108, 115,  99, 102, 103,    , 116, 114, 109, 106, 115, 112, 118,  98, 104, 
East Carolina    ,AAC,   3-9, 109, 107.55, 107.72, 108.0,   9.79,  89, 107, 102,    , 114,  95, 112, 118, 107, 101,  97, 109, 119, 115, 113, 107, 111,    , 115, 100, 112, 105, 104, 119, 114, 107, 121,  99, 110,  98, 111,  93, 115, 129,  94, 116, 111, 105, 106, 112, 106, 103, 106, 114, 120,  92, 103, 114, 112, 115, 102, 111, 113, 116, 107, 104, 101,  92, 111, 104, 124, 121, 100, 126, 101,  93, 115, 123, 111, 108, 112,  99, 110, 121, 114, 108, 116, 110, 124,  86, 107, 106, 120, 116, 102, 106,  91,  98, 121, 113,  85,  89, 101, 100, 104, 123, 109,  90, 116, 106, 114,  87, 101, 112, 122, 121,    , 106, 106,  83, 105,  99,  98, 100, 116, 116, 
Illinois         ,B10,  2-10, 110, 107.92, 108.22, 108.0,   7.37, 104, 109, 103,    , 113, 102, 102, 117, 106, 111, 107,  97, 104, 106,  94, 111, 101,    , 119,  93, 104, 110, 118, 122, 108, 118, 103, 110, 112, 108, 112, 109, 113, 120, 102, 107, 119, 118, 104, 111, 102, 105, 105, 115, 114, 105, 110, 106, 119,  99,  96, 112, 119, 112, 108, 114, 110, 108, 116, 105,  98, 105, 116, 110, 107, 106, 117, 117, 109, 115, 101, 110, 108,  75, 104, 112, 104, 101, 121, 104, 104, 111, 117, 109, 113, 108, 103, 108,  91, 108,  92, 102, 118, 104, 109, 118, 105, 101, 104, 115, 106, 100, 107, 121, 108, 104,    , 113, 116,  98, 104, 110, 110, 109, 103, 113, 
Connecticut      ,AAC,   3-9, 111, 108.29, 108.49, 109.0,   6.23,  95, 115, 104,    , 109, 100, 120, 115, 114, 112, 105, 116, 109, 114, 112, 102, 105,    , 114, 111, 113, 106, 110, 101, 107, 115, 117, 100, 106, 106, 117, 101, 110, 121, 101, 113, 112, 110, 105, 106, 108, 109, 110, 109, 118, 101, 109, 108, 116, 113, 108, 110, 114, 107, 103, 106, 103, 104, 113, 107, 115, 114, 111, 104, 105, 101, 113, 114, 107, 109, 114, 109, 111, 105,  89, 110, 111, 116, 120,  98, 108, 110, 115, 103, 119, 105,  97, 103, 110, 106,  98,  99, 107, 102, 110, 119, 111,  97, 118, 119, 111,  98, 102, 113, 112, 113,    , 108, 108,  92, 107, 104, 104, 106, 108, 109, 
Old Dominion     ,CUSA,   5-7, 112, 108.61, 108.74, 108.0,   7.25, 101, 112, 100,    , 111, 105, 118, 111, 119, 121, 109, 103, 122, 100, 120,  99, 121,    ,  96, 104, 109, 102, 100, 107, 113,  95, 111, 107, 119, 103, 110, 102, 105, 115, 103, 122,  95, 106, 114, 110, 111, 116, 113, 104, 108, 102, 106, 112,  97, 119, 105, 107,  98, 108, 111, 100, 111, 107, 109, 108, 120, 120, 103, 111, 111, 109, 103, 108, 106, 100, 124, 102, 107, 101, 116, 111, 110, 113, 109, 101, 115, 112, 118, 101, 118, 103, 102, 101, 120, 110,  97, 105, 102, 107, 107, 115, 116, 104, 121, 114, 113, 104, 109, 117, 121, 120,    , 101, 101, 101, 118, 102, 103, 105, 123, 106, 
ULM              ,SBC,   4-8, 113, 108.66, 108.85, 109.0,   4.54, 113, 106, 110,    , 105, 113, 108, 107, 113, 107, 110, 119, 108, 103, 111, 110, 108,    , 106, 106, 108, 107, 105, 114, 109, 114, 104, 115, 117, 110, 105, 112, 103,  92, 113, 105, 105, 103, 113, 107, 114, 112, 114, 105, 106, 111, 107, 109, 104, 110, 112, 104, 104, 111, 113, 105, 114, 110, 107, 113, 105, 107, 105, 101, 117, 112, 109,  98, 112, 105, 108, 104, 105, 115, 113, 113, 107, 106, 107, 115, 112, 113, 101, 104, 105, 110, 111, 114, 104, 107, 104, 116, 106, 115, 114, 105, 112, 115, 112, 104, 109, 114, 111, 109, 100, 107,    , 105, 105, 116, 112, 111, 108, 113, 111, 105, 
Idaho            ,SBC,   4-8, 114, 112.71, 112.86, 114.0,   5.17, 118, 118, 117,    , 115, 117, 115, 104, 112, 106, 118, 117, 111, 117, 116, 115, 112,    , 104, 122, 114, 113, 111, 106, 111, 105, 122, 114, 113, 116, 119, 113, 112, 106, 116, 112, 108, 112, 111, 116, 118, 119, 112, 113, 109, 119, 117, 115, 101, 109, 119, 115, 107, 109, 112, 111, 115, 116, 104, 114, 111, 109, 115, 103, 114, 116, 106, 103, 116, 112, 110, 114, 117, 123, 106, 114, 113, 114,  99, 117, 116, 116, 106, 114, 106, 117, 121, 116, 111, 115, 128, 114, 110, 114, 111,  98, 114, 117, 108, 109, 115, 117, 117, 102, 111, 114,    , 112, 113, 113, 114, 116, 114, 121, 117, 107, 
New Mexico       ,MWC,   3-9, 115, 113.56, 113.77, 114.0,   3.85, 116, 116, 115,    , 112, 116, 114, 109, 110, 117, 114, 100, 117, 118, 108, 114, 118,    , 112, 111, 116, 116, 114, 110, 116, 122, 100, 118, 109, 111, 116, 117, 114, 116, 118, 111, 114, 114, 115, 114, 115, 114, 115, 116, 110, 118, 112, 111, 113, 117, 120, 116, 112, 117, 118, 110, 118, 112, 118, 116, 113, 112, 114, 112, 116, 113, 111, 113, 118, 114, 111, 107, 116, 109, 120, 118, 114, 119, 117, 118, 110, 115, 113, 111, 107, 112, 119, 110, 115, 112, 120, 112, 114, 113, 115, 104, 115, 116, 108, 112, 119, 118, 110, 115, 114, 111,    , 103, 112, 112, 113, 113, 115, 115, 112, 114, 
South Alabama    ,SBC,   4-8, 116, 114.65, 114.86, 116.0,   5.50, 119, 117, 116,    , 116, 120, 121, 110, 121, 118, 117, 111, 116, 111, 121, 112, 120,    , 108, 124, 115, 112, 108, 120, 115, 117, 114, 116, 120, 117, 115, 116, 111, 114, 119, 114, 106, 109, 118, 113, 120, 117, 119, 111, 112, 121, 114, 116, 105, 120, 121, 113, 106, 115, 117, 107, 120, 115,  99, 117, 117, 113, 110, 108, 119, 117, 104, 102, 119, 111, 109, 115, 114, 126, 110, 117, 112, 112, 104, 122, 122, 117, 112, 110, 111, 114, 118, 111, 113, 117, 129, 120, 111, 118, 117,  97, 121, 121, 108, 113, 118, 121, 121, 118, 105, 117,    , 111, 111, 121, 120, 114, 113, 122, 119, 111, 
Bowling Green    ,MAC,  2-10, 117, 114.81, 115.04, 116.0,   4.74, 110, 120, 121,    , 117, 109, 117, 116, 104, 115, 111, 122, 110, 120, 117, 123, 109,    , 118, 114, 117, 117, 117, 123, 117, 125,  98, 109, 111, 114, 120, 115, 117, 107, 111, 115, 117, 113, 108, 118, 121, 115, 109, 118, 117, 113, 113, 117, 118, 111, 115, 120, 118, 106, 106, 117, 113, 113, 119, 115, 109, 108, 123, 124, 112, 119, 116, 116, 115, 119, 117, 111, 119, 116, 122, 116, 118, 118, 118, 113, 117, 114, 114, 125, 120, 120, 116, 115, 116, 116, 103, 110, 116, 111, 118, 109, 113, 113, 112, 117, 117, 111, 114, 107, 118, 112,    , 118, 119, 111, 110, 117, 116, 111, 114, 117, 
ULL              ,SBC,   5-7, 118, 115.28, 115.54, 117.0,   5.66, 115, 113, 113,    , 118, 118, 123, 113, 123, 120, 115, 110, 123, 110, 123, 100, 123,    ,  98, 121, 118, 111, 107, 118, 119, 104, 118, 119, 122, 109, 107, 108, 116, 117, 117, 121, 104, 116, 120, 117, 119, 118, 121, 112, 115, 116, 116, 119, 102, 118, 116, 106, 102, 120, 119, 112, 121, 114, 105, 118, 123, 122, 107, 109, 118, 115, 110, 112, 120, 106, 121, 118, 115, 119, 117, 115, 117, 123, 108, 110, 121, 118, 121, 108, 117, 111, 120, 112, 123, 120, 115, 119, 108, 116, 116, 113, 118, 118, 121, 118, 121, 116, 118, 116, 123, 123,    , 115, 110, 117, 121, 112, 111, 114, 120, 115, 
Oregon St        ,P12,  1-11, 119, 115.88, 116.31, 117.0,   8.16, 117, 110, 111,    , 120, 115, 113, 122, 115, 102, 122,  99, 115, 109, 106, 116, 116,    , 126, 117, 119, 119, 126, 121, 103, 120, 115, 122, 115, 119, 113, 127, 124, 119, 114, 106, 127, 127, 119, 119, 113, 121, 116, 119, 122, 115, 119, 118, 128, 102, 117, 117, 126, 119, 116, 120, 116, 126, 125, 119, 112, 116, 117, 115, 120, 118, 122, 127, 114, 121, 106, 121, 118,  76,  96, 119, 120, 100, 127, 114,  95, 119, 123, 112, 108, 115, 112, 127, 106, 118, 112, 117, 125, 120, 128, 126, 110, 112, 102, 121, 112, 113, 116, 119,  97, 110,    , 119, 120, 117, 115, 121, 123, 116, 107, 123, 
Hawaii           ,MWC,   3-9, 120, 119.54, 119.80, 120.0,   3.06, 120, 121, 122,    , 119, 121, 119, 119, 117, 123, 120, 120, 121, 121, 119, 119, 122,    , 113, 104, 121, 120, 119, 127, 123, 123, 120, 120, 114, 118, 122, 119, 119, 126, 122, 120, 115, 122, 117, 120, 117, 123, 120, 120, 116, 122, 123, 120, 117, 121, 123, 118, 116, 121, 120, 118, 122, 119, 120, 120, 121, 118, 118, 119, 121, 122, 118, 115, 122, 117, 120, 124, 121, 111, 126, 123, 119, 128, 113, 121, 120, 120, 119, 120, 121, 119, 122, 113, 117, 119, 121, 118, 119, 119, 119, 121, 119, 120, 123, 123, 120, 120, 123, 120, 120, 118,    , 121, 118, 119, 119, 120, 119, 120, 121, 120, 
Coastal Car      ,SBC,   3-9, 121, 119.83, 120.00, 121.0,   5.30, 125, 122, 126,    , 122, 123, 106, 120, 122, 113, 119, 125, 113, 126, 118, 121, 117,    , 117, 119, 120, 123, 116, 111, 120, 113, 123, 117, 123, 124, 121, 120, 121, 101, 124, 123, 116, 117, 121, 124, 126, 120, 122, 122, 119, 127, 122, 123, 115,    , 124, 121, 117, 123, 123, 125, 124, 118, 115, 123, 118, 124, 121, 122, 122, 120, 119, 120, 123, 120, 122, 117, 122, 113,  95, 120, 124, 121, 112, 124, 118, 121, 110, 128, 103, 126, 127, 120, 118, 124, 122, 122, 120, 123, 120, 112, 123, 123, 118, 116, 123,    , 122, 110, 113, 122,    , 124, 122, 122, 122, 123, 121, 125, 122, 118, 
Ga Southern      ,SBC,  2-10, 122, 120.79, 121.06, 122.0,   5.08, 126, 124, 127,    , 123, 124, 109, 121, 120, 109, 123, 126, 120, 123, 115, 124, 115,    , 120, 120, 123, 125, 120, 115, 121, 112, 119, 123, 121, 126, 118, 123, 123, 110, 123, 119, 121, 119, 128, 125, 123, 111, 123, 124, 123, 126, 124, 124, 120, 105, 122, 122, 122, 118, 122, 128, 123, 122, 117, 124, 114, 119, 125, 125, 123, 121, 121, 119, 124, 125, 115, 122, 123, 129, 115, 121, 123, 122, 110, 128, 119, 122, 109, 129, 116, 127, 126, 122, 119, 123, 126, 125, 122, 125, 122, 120, 117, 124, 112, 120, 122, 123, 124, 105, 119, 115,    , 125, 126, 128, 124, 126, 122, 127, 110, 121, 
Kansas           ,B12,  1-11, 123, 120.93, 121.19, 121.0,   4.65, 122, 119, 118,    , 121, 122, 122, 127, 116, 108, 124, 124, 118, 116, 110, 118, 119,    , 128, 123, 122, 121, 128, 128, 118, 128, 127, 125, 118, 121, 123, 124, 127, 123, 121, 118, 128, 128, 123, 121, 116, 122, 117, 121, 121, 120, 121, 121, 129, 122, 110, 123, 127, 124, 115, 124, 117, 129, 123, 121, 116, 117, 120, 117, 113, 129, 128, 129, 117, 124, 118, 125, 120, 112, 119, 122, 122, 109, 128, 120, 113, 123, 127, 119, 123, 121, 117, 128, 114, 122, 124, 124, 124, 121, 121, 125, 122, 119, 117, 122, 116, 115, 120, 124, 117, 119,    , 120, 121, 126, 117, 122, 129, 119, 118, 125, 
Kent             ,MAC,  2-10, 124, 121.62, 121.88, 122.0,   3.85, 114, 123, 119,    , 124, 119, 124, 126, 124, 128, 121, 121, 124, 122, 125, 122, 124,    , 121, 115, 124, 118, 121, 124, 125, 124, 109, 121, 124, 122, 126, 118, 118, 122, 120, 125, 120, 123, 122, 122, 124, 124, 124, 123, 124, 114, 120, 122, 123, 123, 118, 125, 120, 122, 125, 119, 119, 121, 128, 122, 122, 123, 122, 120, 124, 123, 123, 124, 121, 118, 123, 120, 125, 128, 128, 124, 121, 124, 123, 119, 127, 124, 125, 118, 130, 118, 113, 118, 128, 121, 107, 121, 117, 122, 123, 127, 126, 122, 125, 124, 124, 119, 119, 130, 125, 124,    , 117, 117, 114, 123, 118, 118, 117, 124, 122, 
Rice             ,CUSA,  1-11, 125, 125.18, 125.54, 126.0,   3.16, 128, 128, 125,    , 127, 128, 126, 124, 125, 122, 128, 127, 125, 124, 124, 128, 125,    , 127, 125, 125, 127, 127, 126, 124, 129, 130, 128, 125, 128, 125, 129, 125, 127, 125, 124, 126, 124, 127, 123, 122, 129, 125, 127, 128, 124, 125, 125, 125, 124, 127, 127, 125, 125, 124, 122, 125, 128, 127, 125, 128, 125, 128, 123, 128, 125, 126, 125, 125, 128, 127, 116, 124, 107, 118, 127, 128, 127, 125, 126, 124, 126, 126, 121, 122, 125, 124, 129, 127, 125, 110, 128, 127, 129, 129, 128, 124, 127, 124, 125, 126, 122, 126, 123, 127, 125,    , 127, 127, 127, 125, 128, 126, 126, 125, 127, 
Ball St          ,MAC,  2-10, 126, 125.54, 125.80, 126.0,   2.65, 123, 126, 124,    , 125, 125, 125, 123, 128, 129, 126, 123, 130, 127, 130, 126, 130,    , 124, 127, 129, 124, 124, 129, 129, 126, 129, 124, 126, 125, 129, 122, 122, 124, 126, 128, 122, 125, 126, 126, 128, 126, 127, 126, 129, 123, 128, 126, 121, 125, 125, 128, 121, 126, 128, 123, 127, 124, 122, 127, 130, 127, 126, 129, 126, 126, 124, 126, 127, 122, 129, 129, 129, 130, 130, 128, 125, 125, 122, 125, 129, 125, 129, 122, 125, 123, 125, 119, 129, 127, 119, 123, 126, 124, 124, 122, 128, 125, 130, 128, 129, 124, 127, 127, 126, 128,    , 126, 123, 120, 126, 124, 120, 124, 128, 128, 
San Jose St      ,MWC,  2-11, 127, 125.87, 126.27, 126.0,   3.10, 124, 125, 123,    , 126, 126, 128, 129, 127, 126, 125, 118, 128, 125, 128, 125, 128,    , 123, 128, 126, 126, 129, 104, 126, 119, 125, 127, 129, 123, 128, 126, 130, 130, 127, 126, 124, 130, 125, 128, 125, 125, 126, 125, 125, 125, 126, 127, 124, 127, 126, 126, 128, 130, 126, 129, 128, 125, 126, 126, 125, 129, 124, 127, 125, 124, 129, 130, 128, 123, 126, 130, 126, 122, 127, 125, 126, 126, 129, 123, 125, 129, 130, 123, 129, 124, 123, 123, 126, 128, 130, 127, 128, 127, 125, 129, 125, 126, 125, 129, 127, 128, 128, 128, 124, 129,    , 123, 125, 124, 128, 125, 125, 128, 129, 129, 
Charlotte        ,CUSA,  1-11, 128, 126.26, 126.63, 127.0,   2.81, 127, 129, 129,    , 129, 127, 129, 128, 126, 127, 127, 130, 126, 129, 126, 129, 127,    , 129, 126, 128, 128, 122, 125, 127, 121, 124, 126, 127, 129, 127, 125, 128, 125, 128, 127, 129, 121, 124, 129, 127, 127, 128, 129, 126, 128, 127, 129, 127, 126, 128, 129, 129, 127, 129, 121, 126, 123, 124, 128, 126, 128, 129, 130, 127, 128, 127, 122, 126, 129, 128, 126, 127, 108, 125, 126, 129, 120, 126, 127, 126, 127, 124, 130, 128, 129, 128, 121, 124, 126, 127, 126, 123, 128, 127, 124, 129, 128, 128, 127, 125, 126, 125, 126, 129, 127,    , 129, 129, 123, 127, 127, 124, 123, 126, 126, 
Texas St         ,SBC,  2-10, 129, 126.47, 126.77, 127.0,   2.92, 129, 127, 128,    , 128, 129, 127, 125, 129, 124, 129, 129, 127, 128, 127, 127, 126,    , 122, 129, 127, 129, 125, 117, 128, 127, 128, 129, 128, 127, 124, 128, 126, 118, 129, 129, 123, 126, 129, 127, 129, 128, 129, 128, 127, 130, 129, 128, 122, 128, 130, 124, 123, 128, 127, 127, 130, 127, 129, 129, 127, 126, 127, 121, 129, 127, 125, 121, 129, 127, 125, 127, 128, 127, 121, 129, 127, 130, 116, 129, 128, 128, 122, 124, 126, 128, 130, 125, 125, 129, 118, 129, 129, 126, 126, 117, 127, 129, 128, 126, 128, 127, 129, 125, 128, 126,    , 128, 128, 129, 129, 129, 128, 129, 127, 124, 
UTEP             ,CUSA,  0-12, 130, 129.25, 129.59, 130.0,   1.27, 130, 130, 130,    , 130, 130, 130, 130, 130, 130, 130, 128, 129, 130, 129, 130, 129,    , 130, 130, 130, 130, 130, 130, 130, 130, 126, 130, 130, 130, 130, 130, 129, 128, 130, 130, 130, 129, 130, 130, 130, 130, 130, 130, 130, 129, 130, 130, 130, 129, 129, 130, 130, 129, 130, 130, 129, 130, 130, 130, 129, 130, 130, 128, 130, 130, 130, 128, 130, 130, 130, 128, 130, 120, 129, 130, 130, 129, 130, 130, 130, 130, 128, 127, 127, 130, 129, 130, 130, 130, 125, 130, 130, 130, 130, 130, 130, 130, 127, 130, 130, 129, 130, 129, 130, 130,    , 130, 130, 130, 130, 130, 130, 130, 130, 130, 